St,_2MASS,Rmag,Kmag,pmRA,pmDE,SpT1,mbol,DMph,DMkin,RV,vsini,SpT,EWHa,EWLi,Mm,u_Mm,n_Mm,f_Mm,Opt,Denis,_RA,_DE,RA,DEC
b'K',b'02414730-5259306',11.199999809265137,7.639999866485596,92.19999694824219,-4.199999809265137,b'K7.2',9.890000343322754,2.859999895095825,3.299999952316284,12.600000381469727,6.599999904632568,b'M2.1',-3.9600000381469727,14.800000190734863,b'Y',b'',b'RV',b'',1.0,1.0,40.44708,-52.99183,40.44708,-52.99183
b'K',b'03190864-3507002',10.399999618530273,7.71999979019165,,,b'K7.4',10.039999961853027,2.859999895095825,,13.199999809265137,4.599999904632568,b'K4.7',-0.3199999928474426,48.400001525878906,b'Y',b'',b'RV',b'',2.0,1.0,49.786,-35.11672,49.786,-35.11672
b'K',b'03315564-4359135',10.399999618530273,7.46999979019165,84.69999694824219,-8.399999618530273,b'M0.0',9.869999885559082,2.2699999809265137,3.200000047683716,15.100000381469727,7.5,b'K5.2',-1.1699999570846558,213.0,b'Y',b'',b'Li',b'',2.0,1.0,52.98183,-43.98708,52.98183,-43.98708
b'K',b'02414683-5259523',9.600000381469727,6.760000228881836,98.5,-14.0,b'K7.7',9.100000381469727,1.7200000286102295,3.0999999046325684,11.899999618530273,41.70000076293945,b'K5.3',-2.009999990463257,185.1999969482422,b'Y',b'',b'Li',b'',2.0,1.0,40.44512,-52.99786,40.44512,-52.99786
b'K',b'02423301-5739367',10.199999809265137,7.78000020980835,83.80000305175781,-8.800000190734863,b'K7.1',10.010000228881836,3.049999952316284,3.4000000953674316,12.199999809265137,4.800000190734863,b'K5.0',-0.6800000071525574,130.1999969482422,b'Y',b'',b'Li',b'',2.0,2.0,40.63754,-57.66019,40.63754,-57.66019
b'K',b'02073220-5940210',9.800000190734863,7.539999961853027,92.30000305175781,-23.299999237060547,b'K7.1',9.760000228881836,2.799999952316284,3.299999952316284,10.399999618530273,6.699999809265137,b'K4.1',-0.25,210.89999389648438,b'Y',b'',b'Li',b'',2.0,0.0,31.88417,-59.6725,31.88417,-59.6725
b'K',b'00422033-7747397',9.699999809265137,7.53000020980835,78.80000305175781,-30.700000762939453,b'K5.0',9.6899995803833,3.009999990463257,3.5999999046325684,11.600000381469727,10.199999809265137,b'K3.8',-0.1599999964237213,259.5,b'Y',b'',b'Li',b'',2.0,2.0,10.58471,-77.79436,10.58471,-77.79436
b'K',b'00251465-6130483',10.5,7.75,85.9000015258789,-55.900001525878906,b'K7.6',10.100000381469727,2.7899999618530273,3.299999952316284,8.399999618530273,6.800000190734863,b'K5.7',-0.6800000071525574,4.800000190734863,b'Y',b'',b'RV',b'',2.0,0.0,6.31104,-61.51342,6.31104,-61.51342
b'K',b'00345120-6154583',8.800000190734863,6.53000020980835,86.0,-50.79999923706055,b'K5.8',8.75,1.899999976158142,3.299999952316284,10.699999809265137,68.80000305175781,b'K4.6',-1.0700000524520874,375.0,b'Y',b'',b'Li',b'',2.0,1.0,8.71333,-61.91619,8.71333,-61.91619
b'K',b'21443012-6058389',10.699999809265137,7.869999885559082,40.29999923706055,-94.9000015258789,b'M0.0',10.3100004196167,2.7100000381469727,3.4000000953674316,3.299999952316284,5.900000095367432,b'K7.2',-1.4800000190734863,21.600000381469727,b'Y',b'',b'RV',b'',2.0,2.0,326.1255,-60.97747,326.1255,-60.97747
b'K',b'00240899-6211042',10.600000381469727,7.489999771118164,83.19999694824219,-51.900001525878906,b'M0.2',9.949999809265137,2.2799999713897705,3.4000000953674316,6.099999904632568,11.5,b'K7.2',-1.7599999904632568,179.6999969482422,b'Y',b'',b'Li',b'',2.0,1.0,6.03746,-62.1845,6.03746,-62.1845
b'K',b'04480066-5041255',10.699999809265137,7.920000076293945,54.29999923706055,14.100000381469727,b'K7.8',10.289999961853027,2.8299999237060547,3.700000047683716,19.200000762939453,5.599999904632568,b'K5.7',-1.149999976158142,10.600000381469727,b'Y',b'',b'RV',b'',2.0,0.0,72.00275,-50.69042,72.00275,-50.69042
b'K',b'23261069-7323498',10.899999618530273,7.940000057220459,72.0999984741211,-66.80000305175781,b'M1.5',10.5,2.2899999618530273,3.4000000953674316,9.199999809265137,33.099998474121094,b'K7.7',-3.380000114440918,132.89999389648438,b'Y',b'',b'Li',b'',2.0,1.0,351.54454,-73.39717,351.54454,-73.39717
b'C',b'00123485-5927464',8.800000190734863,6.699999809265137,58.599998474121094,-29.299999237060547,b'K5.8',8.890000343322754,2.0399999618530273,4.300000190734863,98.0,4.0,b'K3.1',1.190000057220459,-24.700000762939453,b'N',b'',b'Li',b'',2.0,2.0,3.14521,-59.46289,3.14521,-59.46289
b'C',b'00125703-7952073',13.0,8.75,80.9000015258789,-46.099998474121094,b'M3.4',11.4399995803833,2.0199999809265137,3.4000000953674316,9.399999618530273,9.300000190734863,b'M2.9',-4.949999809265137,15.5,b'Y',b'',b'RV',b'',2.0,4.0,3.23762,-79.86869,3.23762,-79.86869
b'C',b'00144767-6003477',13.0,8.829999923706055,91.30000305175781,-63.099998474121094,b'M3.5',11.5,2.0,3.0999999046325684,5.099999904632568,29.799999237060547,b'M3.6',-3.5299999713897705,18.899999618530273,b'Y',b'',b'RV',b'',2.0,1.0,3.69862,-60.06325,3.69862,-60.06325
b'C',b'00152752-6414545',11.800000190734863,8.4399995803833,80.19999694824219,-49.900001525878906,b'M1.5',11.0,2.799999952316284,3.5,6.699999809265137,6.5,b'M1.8',-3.2200000286102295,48.5,b'Y',b'',b'RV',b'',2.0,2.0,3.86467,-64.24847,3.86467,-64.24847
b'C',b'00155556-6137519',13.699999809265137,9.770000457763672,70.0999984741211,-42.20000076293945,b'M2.8',12.390000343322754,3.430000066757202,3.799999952316284,19.899999618530273,8.899999618530273,b'M3.0',-4.03000020980835,-0.6000000238418579,b'N',b'?',b'RV',b'',2.0,1.0,3.9815,-61.63108,3.9815,-61.63108
b'C',b'00173041-5957044',10.399999618530273,7.639999866485596,112.80000305175781,-68.5999984741211,b'K7.9',10.029999732971191,2.5,2.799999952316284,-1.899999976158142,4.599999904632568,b'K7.1',0.5899999737739563,-24.0,b'N',b'',b'H{alpha}',b'',2.0,1.0,4.37671,-59.95122,4.37671,-59.95122
b'C',b'00220446-1016191',10.300000190734863,8.670000076293945,63.0,-44.400001525878906,b'K7.5',10.979999542236328,3.7300000190734863,4.0,1.0,18.799999237060547,b'K7.0',-1.7599999904632568,17.399999618530273,b'N',b'?',b'RV',b'',1.0,1.0,5.51858,-10.27197,5.51858,-10.27197
b'C',b'00235732-5531435',14.800000190734863,10.239999771118164,91.9000015258789,-66.9000015258789,b'M4.0',12.949999809265137,3.0299999713897705,3.0999999046325684,5.300000190734863,6.900000095367432,b'M4.1',-5.050000190734863,24.399999618530273,b'Y',b'',b'RV',b'',2.0,1.0,5.98883,-55.52875,5.98883,-55.52875
b'C',b'00273330-6157169',13.699999809265137,9.470000267028809,87.5,-56.79999923706055,b'M3.5',12.15999984741211,2.6500000953674316,3.200000047683716,6.5,20.799999237060547,b'M4.0',-9.180000305175781,31.600000381469727,b'Y',b'',b'RV',b'',2.0,1.0,6.88875,-61.95469,6.88875,-61.95469
b'C',b'00275023-3233060',12.100000381469727,8.010000228881836,97.80000305175781,-60.900001525878906,b'M3.0',10.649999618530273,1.559999942779541,3.0999999046325684,9.5,5.5,b'M2.6',-5.5,-0.800000011920929,b'N',b'?',b'RV',b'',2.0,0.0,6.95929,-32.55167,6.95929,-32.55167
b'C',b'00284683-6751446',15.5,10.5,92.0,-43.79999923706055,b'M4.7',13.289999961853027,2.609999895095825,3.299999952316284,7.599999904632568,13.0,b'M4.5',-8.369999885559082,264.70001220703125,b'Y',b'',b'Li',b'',2.0,1.0,7.19512,-67.86239,7.19512,-67.86239
b'C',b'00302572-6236015',10.600000381469727,7.550000190734863,95.5,-48.400001525878906,b'K7.9',9.979999542236328,2.450000047683716,3.200000047683716,9.399999618530273,11.199999809265137,b'M2.2',-4.510000228881836,-21.700000762939453,b'Y',b'',b'RV',b'',2.0,0.0,7.60717,-62.60042,7.60717,-62.60042
b'C',b'00305785-6550058',13.5,8.949999809265137,83.5999984741211,-52.20000076293945,b'M4.0',11.649999618530273,1.7300000190734863,3.299999952316284,13.600000381469727,12.399999618530273,b'M3.6',-5.960000038146973,-18.700000762939453,b'N',b'?',b'RV',b'',2.0,0.0,7.74104,-65.83494,7.74104,-65.83494
b'C',b'00332438-5116433',13.5,9.010000228881836,94.69999694824219,-59.900001525878906,b'M2.4',11.630000114440918,2.930000066757202,3.0999999046325684,7.300000190734863,39.099998474121094,b'M3.4',-4.71999979019165,-2.299999952316284,b'Y',b'',b'RV',b'',2.0,2.0,8.35158,-51.27869,8.35158,-51.27869
b'C',b'00382147-4611043',15.100000381469727,10.960000038146973,60.900001525878906,-46.099998474121094,b'M4.1',13.649999618530273,3.619999885559082,4.0,15.0,9.5,b'M3.8',-10.970000267028809,33.20000076293945,b'N',b'?',b'RV',b'',2.0,0.0,9.58946,-46.18453,9.58946,-46.18453
b'C',b'00393579-3816584',11.100000381469727,7.860000133514404,100.19999694824219,-65.5,b'M1.8',10.4399995803833,2.0999999046325684,3.0,3.299999952316284,5.300000190734863,b'M1.4',-3.5199999809265137,20.600000381469727,b'Y',b'',b'RV',b'',3.0,0.0,9.89912,-38.28289,9.89912,-38.28289
b'C',b'00394063-6224125',15.0,10.380000114440918,104.0999984741211,-38.79999923706055,b'M4.2',13.100000381469727,2.9600000381469727,3.0999999046325684,6.699999809265137,19.100000381469727,b'M4.9',-8.699999809265137,495.0,b'Y',b'',b'Li',b'',2.0,1.0,9.91929,-62.40347,9.91929,-62.40347
b'C',b'00421010-5444431',12.899999618530273,8.930000305175781,89.4000015258789,-47.900001525878906,b'M3.0',11.59000015258789,2.5,3.299999952316284,5.900000095367432,6.699999809265137,b'M2.9',-6.260000228881836,-31.0,b'Y',b'',b'RV',b'',2.0,1.0,10.54208,-54.74531,10.54208,-54.74531
b'C',b'00421092-4252545',12.699999809265137,8.760000228881836,83.30000305175781,-43.70000076293945,b'M2.1',11.34000015258789,2.8299999237060547,3.5,8.699999809265137,6.199999809265137,b'M2.2',-5.239999771118164,-6.5,b'N',b'?',b'RV',b'',2.0,0.0,10.5455,-42.88181,10.5455,-42.88181
b'C',b'00425349-6117384',15.199999809265137,10.449999809265137,89.0,-55.20000076293945,b'M4.5',13.1899995803833,2.7300000190734863,3.200000047683716,6.900000095367432,7.099999904632568,b'M4.2',-6.75,79.30000305175781,b'Y',b'',b'RV',b'',2.0,1.0,10.72287,-61.294,10.72287,-61.294
b'C',b'00485254-6526330',13.800000190734863,9.550000190734863,82.30000305175781,-40.70000076293945,b'M3.2',12.220000267028809,2.9600000381469727,3.5,9.899999618530273,12.100000381469727,b'M3.2',-5.940000057220459,-59.29999923706055,b'Y',b'',b'RV',b'',2.0,1.0,12.21892,-65.4425,12.21892,-65.4425
b'C',b'00493566-6347416',12.100000381469727,8.430000305175781,86.9000015258789,-45.20000076293945,b'M1.8',10.979999542236328,2.630000114440918,3.299999952316284,8.100000381469727,5.5,b'M1.7',-3.380000114440918,-24.399999618530273,b'Y',b'',b'RV',b'',2.0,1.0,12.39858,-63.79489,12.39858,-63.79489
b'C',b'00502644-4628539',8.300000190734863,6.340000152587891,62.0,-36.900001525878906,b'K4.7',8.5,1.8600000143051147,4.099999904632568,13.600000381469727,5.900000095367432,b'K3.1',0.8399999737739563,18.299999237060547,b'N',b'',b'Li',b'',2.0,1.0,12.61017,-46.48164,12.61017,-46.48164
b'C',b'00514081-5913320',14.699999809265137,10.399999618530273,98.0,-50.29999923706055,b'M4.1',13.109999656677246,3.0799999237060547,3.0999999046325684,6.300000190734863,20.600000381469727,b'M4.4',-6.010000228881836,257.20001220703125,b'Y',b'',b'Li',b'',2.0,1.0,12.92004,-59.22556,12.92004,-59.22556
b'C',b'00555140-4938216',15.199999809265137,10.489999771118164,101.0,-56.099998474121094,b'M4.8',13.289999961853027,2.5,3.0999999046325684,18.200000762939453,14.899999618530273,b'M3.9',-5.880000114440918,-23.600000381469727,b'N',b'?',b'RV',b'',2.0,2.0,13.96417,-49.63933,13.96417,-49.63933
b'C',b'00590177-6054124',11.600000381469727,8.470000267028809,96.19999694824219,-32.29999923706055,b'M0.1',10.920000076293945,3.2799999713897705,3.299999952316284,10.199999809265137,4.400000095367432,b'M0.5',0.28999999165534973,-12.100000381469727,b'N',b'',b'H{alpha}',b'',2.0,1.0,14.75737,-60.90344,14.75737,-60.90344
b'C',b'01024375-6235344',13.100000381469727,8.800000190734863,89.0,-39.599998474121094,b'M3.8',11.460000038146973,1.7100000381469727,3.299999952316284,7.0,5.699999809265137,b'M2.9',-3.609999895095825,-3.9000000953674316,b'Y',b'',b'RV',b'3',2.0,1.0,15.68229,-62.59289,15.68229,-62.59289
b'C',b'01033563-5515561',14.199999809265137,9.239999771118164,100.30000305175781,-46.900001525878906,b'M5.1',12.100000381469727,0.9900000095367432,3.0999999046325684,7.300000190734863,19.200000762939453,b'M5.0',-18.709999084472656,-57.79999923706055,b'Y',b'',b'RV',b'',2.0,2.0,15.89846,-55.26558,15.89846,-55.26558
b'',b'01071194-1935359',,,,,b'',,,,9.300000190734863,6.800000190734863,b'M1.0',-2.490000009536743,323.29998779296875,b'Y',b'',b'Li',b'',2.0,1.0,16.79975,-19.59331,16.79975,-19.59331
b'C',b'01101448-4715453',15.100000381469727,11.15999984741211,66.30000305175781,-38.29999923706055,b'M4.7',13.9399995803833,3.259999990463257,3.9000000953674316,8.899999618530273,4.5,b'M2.0',0.3799999952316284,-35.70000076293945,b'N',b'',b'H{alpha}',b'',3.0,0.0,17.56033,-47.26258,17.56033,-47.26258
b'C',b'01125587-7130283',11.100000381469727,8.369999885559082,76.5999984741211,-30.700000762939453,b'K7.7',10.720000267028809,3.3299999237060547,3.5999999046325684,12.899999618530273,4.5,b'K7.3',0.5299999713897705,-6.800000190734863,b'N',b'',b'H{alpha}',b'',1.0,1.0,18.23279,-71.50786,18.23279,-71.50786
b'C',b'01134031-5939346',13.5,9.0600004196167,96.0,-35.400001525878906,b'M4.0',11.770000457763672,1.850000023841858,3.200000047683716,11.899999618530273,46.79999923706055,b'M3.7',-16.510000228881836,-14.300000190734863,b'Y',b'',b'RV',b'',2.0,0.0,18.41796,-59.65961,18.41796,-59.65961
b'C',b'01160045-6747311',15.5,10.890000343322754,66.69999694824219,-12.100000381469727,b'M4.2',13.609999656677246,3.4700000286102295,4.099999904632568,11.5,16.5,b'M4.1',-6.820000171661377,-49.29999923706055,b'Y',b'',b'RV',b'',2.0,1.0,19.00187,-67.79197,19.00187,-67.79197
b'C',b'01180670-6258591',15.5,10.640000343322754,109.9000015258789,-23.399999618530273,b'M4.8',13.449999809265137,2.6600000858306885,3.0,9.300000190734863,14.399999618530273,b'M5.1',-8.680000305175781,360.5,b'Y',b'',b'Li',b'',1.0,2.0,19.52792,-62.98308,19.52792,-62.98308
b'C',b'01211297-6117281',14.800000190734863,10.479999542236328,80.69999694824219,-28.299999237060547,b'M4.1',13.15999984741211,3.130000114440918,3.5999999046325684,8.699999809265137,21.899999618530273,b'M4.1',-6.769999980926514,1.2000000476837158,b'Y',b'',b'RV',b'',2.0,1.0,20.30404,-61.29114,20.30404,-61.29114
b'C',b'01211813-5434245',10.699999809265137,7.809999942779541,81.69999694824219,-42.79999923706055,b'K7.4',10.100000381469727,2.930000066757202,3.5,24.0,4.0,b'K5.0',0.6299999952316284,0.5,b'N',b'',b'H{alpha}',b'',2.0,1.0,20.32554,-54.57347,20.32554,-54.57347
b'C',b'01224511-6318446',13.300000190734863,8.979999542236328,94.5,-29.0,b'M3.3',11.630000114440918,2.2899999618530273,3.299999952316284,7.800000190734863,16.899999618530273,b'M3.5',-6.630000114440918,52.099998474121094,b'Y',b'',b'RV',b'',3.0,1.0,20.68796,-63.31239,20.68796,-63.31239
b'C',b'01233280-4113110',15.300000190734863,9.920000076293945,109.30000305175781,-54.79999923706055,b'M5.6',12.760000228881836,1.1200000047683716,2.9000000953674316,5.699999809265137,12.699999809265137,b'M4.2',-5.550000190734863,-41.20000076293945,b'Y',b'',b'RV',b'',2.0,1.0,20.88667,-41.21972,20.88667,-41.21972
b'C',b'01245895-7953375',9.199999809265137,7.139999866485596,74.80000305175781,-20.600000381469727,b'K3.8',9.25,2.75,3.700000047683716,170.6999969482422,4.800000190734863,b'F9.5',1.2300000190734863,25.299999237060547,b'N',b'',b'Li',b'',2.0,4.0,21.24562,-79.89375,21.24562,-79.89375
b'C',b'01253196-6646023',14.699999809265137,10.109999656677246,89.0999984741211,-28.399999618530273,b'M4.5',12.859999656677246,2.390000104904175,3.4000000953674316,7.099999904632568,41.099998474121094,b'M4.2',-4.920000076293945,-38.0,b'Y',b'',b'RV',b'',4.0,1.0,21.38317,-66.76731,21.38317,-66.76731
b'C',b'01275875-6032243',14.600000381469727,10.220000267028809,88.4000015258789,-30.799999237060547,b'M4.0',12.90999984741211,2.990000009536743,3.4000000953674316,9.100000381469727,26.100000381469727,b'M4.2',-7.579999923706055,24.799999237060547,b'Y',b'',b'RV',b'',2.0,1.0,21.99479,-60.54008,21.99479,-60.54008
b'C',b'01283025-4921094',14.899999618530273,9.710000038146973,101.4000015258789,-41.70000076293945,b'M4.0',12.399999618530273,2.4800000190734863,3.0999999046325684,6.5,59.900001525878906,b'M4.1',-7.710000038146973,19.100000381469727,b'Y',b'',b'RV',b'',2.0,1.0,22.12604,-49.35261,22.12604,-49.35261
b'C',b'01301454-2949175',15.199999809265137,10.25,161.6999969482422,-87.4000015258789,b'M5.3',13.069999694824219,1.75,2.0999999046325684,24.899999618530273,4.900000095367432,b'M2.3',0.23999999463558197,4.800000190734863,b'N',b'',b'H{alpha}',b'',2.0,0.0,22.56058,-29.82153,22.56058,-29.82153
b'C',b'01321522-5034307',15.300000190734863,10.710000038146973,71.5,-32.099998474121094,b'M4.0',13.420000076293945,3.5,3.799999952316284,23.399999618530273,11.5,b'M2.2',-0.38999998569488525,37.29999923706055,b'N',b'',b'H{alpha}',b'',2.0,1.0,23.06342,-50.57519,23.06342,-50.57519
b'C',b'01344601-5707564',16.299999237060547,11.15999984741211,68.19999694824219,-18.799999237060547,b'M4.6',13.970000267028809,3.4000000953674316,4.0,11.100000381469727,26.0,b'M4.9',-20.43000030517578,526.0999755859375,b'Y',b'',b'Li',b'',1.0,0.0,23.69171,-57.13233,23.69171,-57.13233
b'C',b'01351393-0712517',12.5,8.079999923706055,97.69999694824219,-51.5,b'M4.1',10.789999961853027,0.7599999904632568,3.200000047683716,8.199999809265137,27.299999237060547,b'M3.8',-10.300000190734863,-13.800000190734863,b'Y',b'',b'RV',b'',2.0,1.0,23.80804,-7.21436,23.80804,-7.21436
b'C',b'01372781-4558261',15.100000381469727,10.1899995803833,116.0,-37.099998474121094,b'M5.4',13.0600004196167,1.6299999952316284,2.9000000953674316,13.5,8.5,b'M5.0',-6.610000133514404,249.39999389648438,b'Y',b'',b'Li',b'',2.0,1.0,24.36587,-45.97392,24.36587,-45.97392
b'C',b'01375879-5645447',14.100000381469727,9.529999732971191,92.5,-32.79999923706055,b'M3.8',12.210000038146973,2.450000047683716,3.299999952316284,8.5,9.800000190734863,b'M3.9',-8.829999923706055,-36.400001525878906,b'Y',b'',b'RV',b'',3.0,1.0,24.49496,-56.76242,24.49496,-56.76242
b'C',b'01380029-4603398',13.699999809265137,10.140000343322754,69.4000015258789,-20.399999618530273,b'M2.6',12.75,3.9200000762939453,4.0,11.600000381469727,4.099999904632568,b'M2.4',-0.44999998807907104,-16.399999618530273,b'N',b'',b'H{alpha}',b'',2.0,1.0,24.50121,-46.06106,24.50121,-46.06106
b'C',b'01380311-5904042',13.100000381469727,9.0,100.9000015258789,-27.399999618530273,b'M3.2',11.670000076293945,2.4100000858306885,3.0999999046325684,10.100000381469727,8.600000381469727,b'M3.1',-13.300000190734863,-35.099998474121094,b'Y',b'',b'RV',b'',3.0,2.0,24.51296,-59.06783,24.51296,-59.06783
b'C',b'01504543-5716488',16.299999237060547,11.279999732971191,93.19999694824219,-37.0,b'M4.9',14.09000015258789,3.190000057220459,3.200000047683716,9.300000190734863,9.699999809265137,b'M5.5',-9.460000038146973,673.2000122070312,b'Y',b'',b'Li',b'',1.0,0.0,27.68929,-57.28022,27.68929,-57.28022
b'C',b'01505688-5844032',12.600000381469727,8.640000343322754,91.30000305175781,-24.899999618530273,b'M2.9',11.289999961853027,2.259999990463257,3.299999952316284,11.100000381469727,10.100000381469727,b'M3.0',-6.380000114440918,-17.5,b'Y',b'',b'RV',b'',2.0,1.0,27.737,-58.73422,27.737,-58.73422
b'C',b'01521830-5950168',11.699999809265137,8.140000343322754,107.80000305175781,-27.0,b'M1.6',10.65999984741211,2.4100000858306885,3.0,10.300000190734863,5.0,b'M1.6',-3.0199999809265137,-12.300000190734863,b'Y',b'',b'RV',b'',2.0,1.0,28.07625,-59.838,28.07625,-59.838
b'C',b'01532494-6833226',15.100000381469727,10.180000305175781,98.0,-16.299999237060547,b'M5.0',13.020000457763672,2.009999990463257,3.200000047683716,9.800000190734863,11.600000381469727,b'M4.5',-14.449999809265137,-54.599998474121094,b'Y',b'',b'RV',b'',2.0,1.0,28.35392,-68.55628,28.35392,-68.55628
b'C',b'01570140-7721221',15.100000381469727,10.729999542236328,78.5,-13.899999618530273,b'M4.4',13.489999771118164,3.140000104904175,3.5999999046325684,54.400001525878906,4.699999809265137,b'M2.1',0.33000001311302185,-18.700000762939453,b'N',b'',b'H{alpha}',b'',2.0,2.0,29.25583,-77.35614,29.25583,-77.35614
b'C',b'02000918-8025009',10.0,8.020000457763672,77.69999694824219,6.699999809265137,b'K4.0',10.15999984741211,3.609999895095825,3.700000047683716,15.5,4.800000190734863,b'K3.7',0.5299999713897705,126.80000305175781,b'Y',b'',b'Li',b'',2.0,3.0,30.03825,-80.41692,30.03825,-80.41692
b'C',b'02001277-0840516',11.699999809265137,7.869999885559082,110.0,-65.69999694824219,b'M2.0',10.460000038146973,2.0199999809265137,2.9000000953674316,4.5,8.899999618530273,b'M2.1',-3.9700000286102295,-5.300000190734863,b'Y',b'',b'RV',b'',2.0,1.0,30.05321,-8.681,30.05321,-8.681
b'C',b'02001992-6614017',14.600000381469727,9.880000114440918,82.69999694824219,-14.100000381469727,b'M3.0',12.5600004196167,3.4700000286102295,3.5,11.800000190734863,16.200000762939453,b'M4.0',-6.190000057220459,-41.79999923706055,b'Y',b'',b'RV',b'',2.0,2.0,30.083,-66.23381,30.083,-66.23381
b'C',b'02045317-5346162',14.199999809265137,9.5600004196167,95.5999984741211,-30.899999618530273,b'M3.4',12.229999542236328,2.809999942779541,3.200000047683716,8.399999618530273,6.0,b'M3.8',-9.260000228881836,-29.799999237060547,b'Y',b'',b'RV',b'',3.0,0.0,31.22154,-53.77117,31.22154,-53.77117
b'C',b'02070176-4406380',11.800000190734863,8.399999618530273,95.69999694824219,-32.79999923706055,b'M1.2',10.9399995803833,2.869999885559082,3.200000047683716,11.100000381469727,4.699999809265137,b'M1.9',-2.619999885559082,-7.099999904632568,b'Y',b'',b'RV',b'2',2.0,1.0,31.75733,-44.11056,31.75733,-44.11056
b'C',b'02105538-4603588',10.300000190734863,8.609999656677246,54.79999923706055,-21.200000762939453,b'K3.2',10.640000343322754,4.28000020980835,4.400000095367432,24.700000762939453,19.799999237060547,b'K4.2',-0.7599999904632568,215.3000030517578,b'Y',b'',b'Li',b'',2.0,0.0,32.73075,-46.06633,32.73075,-46.06633
b'C',b'02125819-5851182',12.0,8.4399995803833,88.4000015258789,-16.100000381469727,b'M3.5',11.109999656677246,1.6100000143051147,3.4000000953674316,9.100000381469727,12.100000381469727,b'M1.9',-5.429999828338623,28.899999618530273,b'Y',b'',b'RV',b'',3.0,1.0,33.24246,-58.85506,33.24246,-58.85506
b'C',b'02153328-5627175',16.299999237060547,10.949999809265137,98.5999984741211,-29.299999237060547,b'M4.9',13.8100004196167,2.9100000858306885,3.0999999046325684,11.300000190734863,47.29999923706055,b'M6.2',-13.6899995803833,177.6999969482422,b'Y',b'',b'Li',b'',1.0,1.0,33.88867,-56.45486,33.88867,-56.45486
b'C',b'02155892-0929121',11.199999809265137,7.550000190734863,97.80000305175781,-44.400001525878906,b'M2.3',10.170000076293945,1.5299999713897705,3.200000047683716,10.100000381469727,9.899999618530273,b'M1.9',-4.690000057220459,15.100000381469727,b'N',b'?',b'RV',b'',2.0,1.0,33.9955,-9.48669,33.9955,-9.48669
b'C',b'02180960-6657524',14.899999618530273,9.970000267028809,99.0,-14.699999809265137,b'M4.5',12.720000267028809,2.259999990463257,3.0999999046325684,11.0,14.0,b'M4.5',-6.760000228881836,375.1000061035156,b'Y',b'',b'Li',b'',2.0,2.0,34.54,-66.96456,34.54,-66.96456
b'C',b'02192210-3925225',15.5,10.399999618530273,111.80000305175781,-44.0,b'M5.9',13.319999694824219,1.3600000143051147,2.799999952316284,10.600000381469727,6.5,b'M4.9',-7.019999980926514,639.9000244140625,b'Y',b'',b'Li',b'',1.0,1.0,34.84208,-39.42292,34.84208,-39.42292
b'C',b'02201988-6855014',15.0,10.65999984741211,63.79999923706055,6.800000190734863,b'M3.5',13.359999656677246,3.8499999046325684,4.099999904632568,-15.5,4.099999904632568,b'M3.0',0.1899999976158142,8.699999809265137,b'N',b'',b'H{alpha}',b'',3.0,2.0,35.08283,-68.91706,35.08283,-68.91706
b'C',b'02205139-5823411',13.100000381469727,8.829999923706055,110.5,-8.899999618530273,b'M3.2',11.470000267028809,2.2200000286102295,2.9000000953674316,12.100000381469727,11.300000190734863,b'M3.2',-8.9399995803833,-12.100000381469727,b'Y',b'',b'RV',b'',2.0,1.0,35.21412,-58.39475,35.21412,-58.39475
b'C',b'02224418-6022476',12.600000381469727,8.100000381469727,136.89999389648438,-14.399999618530273,b'M4.2',10.829999923706055,0.699999988079071,2.4000000953674316,16.200000762939453,16.100000381469727,b'M3.4',-4.400000095367432,48.900001525878906,b'N',b'?',b'RV',b'',2.0,1.0,35.68408,-60.37989,35.68408,-60.37989
b'C',b'02234926-4238512',9.699999809265137,7.710000038146973,56.29999923706055,-24.200000762939453,b'K4.3',9.84000015258789,3.25,4.300000190734863,-17.899999618530273,4.0,b'K1.0',1.090000033378601,-9.199999809265137,b'N',b'',b'Li',b'',2.0,0.0,35.95525,-42.64756,35.95525,-42.64756
b'C',b'02242453-7033211',14.199999809265137,9.489999771118164,93.80000305175781,-6.400000095367432,b'M4.0',12.180000305175781,2.259999990463257,3.200000047683716,11.800000190734863,5.5,b'M3.3',-8.609999656677246,-5.800000190734863,b'Y',b'',b'RV',b'',2.0,2.0,36.10221,-70.55586,36.10221,-70.55586
b'C',b'02294569-5541496',14.800000190734863,10.260000228881836,89.5,-17.700000762939453,b'M4.3',12.970000267028809,2.7300000190734863,3.299999952316284,11.5,12.5,b'M4.8',-6.409999847412109,499.6000061035156,b'Y',b'',b'Li',b'',3.0,1.0,37.44037,-55.69711,37.44037,-55.69711
b'C',b'02294869-6906044',16.0,11.0600004196167,91.5,-5.400000095367432,b'M4.6',13.84000015258789,3.2699999809265137,3.299999952316284,13.0,14.800000190734863,b'M4.6',-11.640000343322754,566.0,b'Y',b'',b'Li',b'',1.0,2.0,37.45287,-69.10122,37.45287,-69.10122
b'C',b'02303239-4342232',9.800000190734863,7.230000019073486,81.4000015258789,-13.5,b'K7.0',9.4399995803833,2.549999952316284,3.5999999046325684,12.199999809265137,5.699999809265137,b'K4.4',0.019999999552965164,34.20000076293945,b'Y',b'',b'RV',b'',2.0,2.0,37.63496,-43.70644,37.63496,-43.70644
b'C',b'02304370-5811560',14.399999618530273,10.4399995803833,59.599998474121094,-0.10000000149011612,b'M3.4',13.079999923706055,3.6600000858306885,4.199999809265137,-16.0,4.599999904632568,b'M1.7',0.25,40.20000076293945,b'N',b'',b'H{alpha}',b'2',2.0,1.0,37.68208,-58.19889,37.68208,-58.19889
b'C',b'02321934-5746117',14.600000381469727,10.229999542236328,84.9000015258789,-17.700000762939453,b'M3.8',12.899999618530273,3.1500000953674316,3.4000000953674316,11.199999809265137,11.699999809265137,b'M4.1',-6.550000190734863,-20.600000381469727,b'Y',b'',b'RV',b'',3.0,1.0,38.08058,-57.76992,38.08058,-57.76992
b'C',b'02341866-5128462',14.399999618530273,9.760000228881836,100.5999984741211,-17.5,b'M4.2',12.479999542236328,2.3399999141693115,3.0999999046325684,10.899999618530273,11.199999809265137,b'M4.3',-8.329999923706055,-40.099998474121094,b'Y',b'',b'RV',b'',2.0,0.0,38.57775,-51.4795,38.57775,-51.4795
b'C',b'02351646-5049133',10.0,8.069999694824219,75.80000305175781,-8.5,b'K4.8',10.210000038146973,3.559999942779541,3.700000047683716,-14.899999618530273,4.199999809265137,b'K3.8',0.8199999928474426,-5.5,b'N',b'',b'Li',b'',2.0,1.0,38.81858,-50.82036,38.81858,-50.82036
b'C',b'02372562-4912033',11.699999809265137,8.619999885559082,63.79999923706055,-19.200000762939453,b'M0.0',11.0600004196167,3.4600000381469727,4.0,-0.6000000238418579,4.800000190734863,b'M0.3',0.5400000214576721,-7.900000095367432,b'N',b'',b'H{alpha}',b'',2.0,1.0,39.35675,-49.20092,39.35675,-49.20092
b'C',b'02383255-7528065',15.300000190734863,10.800000190734863,77.0999984741211,5.5,b'M4.7',13.609999656677246,2.9200000762939453,3.5999999046325684,12.300000190734863,8.699999809265137,b'M4.1',-8.789999961853027,-88.9000015258789,b'Y',b'',b'RV',b'',2.0,3.0,39.63562,-75.46847,39.63562,-75.46847
b'C',b'02412721-3049149',14.800000190734863,10.260000228881836,97.5,-32.20000076293945,b'M4.3',12.989999771118164,2.740000009536743,3.0999999046325684,18.200000762939453,12.800000190734863,b'M4.3',-8.829999923706055,0.4000000059604645,b'N',b'?',b'RV',b'',2.0,0.0,40.36337,-30.82081,40.36337,-30.82081
b'C',b'02420204-5359147',14.699999809265137,9.979999542236328,97.0,-20.799999237060547,b'M4.3',12.699999809265137,2.450000047683716,3.0999999046325684,11.5,22.899999618530273,b'M4.3',-9.40999984741211,-27.299999237060547,b'Y',b'',b'RV',b'',2.0,1.0,40.5085,-53.98742,40.5085,-53.98742
b'C',b'02420404-5359000',14.0,9.289999961853027,98.5999984741211,-10.300000190734863,b'M3.9',11.970000267028809,2.130000114440918,3.0999999046325684,11.899999618530273,19.399999618530273,b'M4.3',-8.9399995803833,-23.0,b'Y',b'',b'RV',b'',2.0,1.0,40.51683,-53.98333,40.51683,-53.98333
b'C',b'02441466-5221318',9.0,7.239999771118164,77.0,-7.599999904632568,b'K3.0',9.25,2.940000057220459,3.5999999046325684,14.699999809265137,4.599999904632568,b'G2.0',1.2200000286102295,29.100000381469727,b'N',b'',b'Li',b'',2.0,2.0,41.06108,-52.35883,41.06108,-52.35883
b'C',b'02474639-5804272',11.800000190734863,8.449999809265137,94.9000015258789,-4.0,b'M1.6',11.0,2.75,3.200000047683716,13.100000381469727,4.800000190734863,b'M1.8',-2.680000066757202,-8.600000381469727,b'Y',b'',b'RV',b'',2.0,1.0,41.94329,-58.07422,41.94329,-58.07422
b'C',b'02485260-3404246',12.699999809265137,8.399999618530273,89.0,-23.799999237060547,b'M3.9',11.09000015258789,1.25,3.299999952316284,23.299999237060547,7.800000190734863,b'M3.1',-9.970000267028809,5.099999904632568,b'N',b'?',b'RV',b'',2.0,0.0,42.21917,-34.0735,42.21917,-34.0735
b'C',b'02502222-6545552',13.300000190734863,9.4399995803833,76.69999694824219,2.5,b'M2.8',12.079999923706055,3.119999885559082,3.5999999046325684,15.0,8.699999809265137,b'M3.2',-7.090000152587891,-18.799999237060547,b'Y',b'',b'RV',b'',2.0,1.0,42.59258,-65.76533,42.59258,-65.76533
b'C',b'02505959-3409050',13.800000190734863,9.619999885559082,85.80000305175781,-21.0,b'M3.8',12.3100004196167,2.559999942779541,3.4000000953674316,9.899999618530273,26.100000381469727,b'M3.7',-6.190000057220459,6.900000095367432,b'Y',b'',b'RV',b'',2.0,0.0,42.74829,-34.15139,42.74829,-34.15139
b'C',b'02523550-7831183',15.800000190734863,10.779999732971191,67.5999984741211,15.899999618530273,b'M4.8',13.59000015258789,2.799999952316284,3.9000000953674316,12.800000190734863,11.600000381469727,b'M4.4',-7.46999979019165,45.0,b'Y',b'',b'RV',b'',2.0,3.0,43.14792,-78.52175,43.14792,-78.52175
b'C',b'02543316-5108313',11.100000381469727,7.78000020980835,92.69999694824219,-13.0,b'M1.4',10.34000015258789,2.180000066757202,3.200000047683716,13.800000190734863,5.199999809265137,b'M1.1',-2.4600000381469727,-1.2000000476837158,b'Y',b'',b'RV',b'',2.0,0.0,43.63817,-51.14203,43.63817,-51.14203
b'C',b'02553178-5702522',15.0,10.220000267028809,89.5,-5.800000190734863,b'M4.4',12.979999542236328,2.619999885559082,3.299999952316284,13.300000190734863,9.699999809265137,b'M4.3',-6.809999942779541,-82.9000015258789,b'Y',b'',b'RV',b'',2.0,2.0,43.88242,-57.04783,43.88242,-57.04783
b'C',b'02564708-6343027',12.699999809265137,9.010000228881836,67.4000015258789,8.800000190734863,b'M3.2',11.630000114440918,2.380000114440918,3.9000000953674316,16.700000762939453,27.0,b'M3.6',-9.319999694824219,9.199999809265137,b'Y',b'',b'RV',b'',2.0,1.0,44.19617,-63.71742,44.19617,-63.71742
b'C',b'02572682-6341293',13.199999809265137,9.329999923706055,64.30000305175781,12.199999809265137,b'M3.2',11.970000267028809,2.7200000286102295,4.0,17.799999237060547,25.899999618530273,b'M3.6',-4.269999980926514,-22.600000381469727,b'Y',b'',b'RV',b'',2.0,0.0,44.36175,-63.69147,44.36175,-63.69147
b'C',b'02590284-6120000',14.600000381469727,10.739999771118164,52.599998474121094,2.0,b'M3.5',13.399999618530273,3.9000000953674316,4.400000095367432,12.100000381469727,12.699999809265137,b'M3.9',-5.460000038146973,-43.29999923706055,b'Y',b'',b'RV',b'',2.0,1.0,44.76183,-61.33333,44.76183,-61.33333
b'C',b'02591904-5122341',15.899999618530273,10.819999694824219,81.69999694824219,-14.699999809265137,b'M5.3',13.670000076293945,2.3399999141693115,3.4000000953674316,11.0,18.200000762939453,b'M5.4',-32.11000061035156,689.5,b'Y',b'',b'Li',b'',1.0,0.0,44.82933,-51.37614,44.82933,-51.37614
b'C',b'02592564-2947275',10.199999809265137,8.270000457763672,67.0999984741211,-26.200000762939453,b'K5.4',10.25,3.490000009536743,3.799999952316284,25.200000762939453,4.5,b'K3.2',0.9300000071525574,-11.300000190734863,b'N',b'',b'Li',b'',2.0,0.0,44.85683,-29.79097,44.85683,-29.79097
b'C',b'03050556-5317182',15.399999618530273,10.260000228881836,89.4000015258789,-11.300000190734863,b'M5.1',13.100000381469727,1.9800000190734863,3.200000047683716,12.100000381469727,20.700000762939453,b'M4.7',-8.949999809265137,-44.79999923706055,b'Y',b'',b'RV',b'',2.0,1.0,46.27317,-53.28839,46.27317,-53.28839
b'C',b'03050976-3725058',12.5,8.649999618530273,51.599998474121094,-11.5,b'M2.5',11.270000457763672,2.5,4.400000095367432,14.199999809265137,8.899999618530273,b'M1.4',-3.3299999237060547,11.300000190734863,b'Y',b'',b'RV',b'',2.0,1.0,46.29067,-37.41828,46.29067,-37.41828
b'C',b'03083950-3844363',15.300000190734863,10.420000076293945,68.30000305175781,-11.0,b'M4.7',13.180000305175781,2.5,3.799999952316284,17.5,15.899999618530273,b'M4.3',-6.349999904632568,39.5,b'Y',b'',b'RV',b'',2.0,1.0,47.16458,-38.74342,47.16458,-38.74342
b'C',b'03093877-3014352',15.5,10.699999809265137,88.69999694824219,-35.900001525878906,b'M4.7',13.489999771118164,2.809999942779541,3.200000047683716,12.5,23.799999237060547,b'M4.7',-5.96999979019165,540.5999755859375,b'Y',b'',b'Li',b'',2.0,2.0,47.41154,-30.24311,47.41154,-30.24311
b'C',b'03104941-3616471',14.600000381469727,9.789999961853027,90.5,-28.700000762939453,b'M4.5',12.539999961853027,2.069999933242798,3.200000047683716,13.800000190734863,16.399999618530273,b'M3.9',-9.729999542236328,34.099998474121094,b'Y',b'',b'RV',b'',2.0,0.0,47.70587,-36.27975,47.70587,-36.27975
b'C',b'03114544-4719501',13.600000381469727,9.569999694824219,88.4000015258789,-4.0,b'M3.7',12.270000457763672,2.5999999046325684,3.200000047683716,11.300000190734863,5.199999809265137,b'M3.2',-4.269999980926514,7.400000095367432,b'Y',b'',b'RV',b'',2.0,1.0,47.93933,-47.33058,47.93933,-47.33058
b'C',b'03204757-5041330',11.800000190734863,8.5600004196167,81.80000305175781,6.099999904632568,b'M1.1',11.0600004196167,3.0399999618530273,3.4000000953674316,17.399999618530273,4.400000095367432,b'M1.5',-0.7900000214576721,-2.0,b'N',b'',b'H{alpha}',b'',2.0,1.0,50.19821,-50.6925,50.19821,-50.6925
b'C',b'03210395-6816475',13.399999618530273,9.300000190734863,70.30000305175781,20.399999618530273,b'M3.4',12.039999961853027,2.619999885559082,3.700000047683716,13.399999618530273,9.5,b'M4.0',-6.829999923706055,5.599999904632568,b'Y',b'',b'RV',b'',2.0,2.0,50.26646,-68.27986,50.26646,-68.27986
b'C',b'03244056-3904227',13.199999809265137,9.020000457763672,86.5,-17.100000381469727,b'M4.1',11.710000038146973,1.6799999475479126,3.200000047683716,16.200000762939453,36.099998474121094,b'M3.7',-9.930000305175781,-22.799999237060547,b'Y',b'',b'RV',b'',2.0,0.0,51.169,-39.07297,51.169,-39.07297
b'C',b'03271701-6128407',9.399999618530273,7.389999866485596,82.5999984741211,6.5,b'K3.7',9.470000267028809,2.990000009536743,3.299999952316284,27.0,4.300000190734863,b'G6.4',1.149999976158142,18.5,b'N',b'',b'Li',b'',2.0,2.0,51.82087,-61.47797,51.82087,-61.47797
b'C',b'03285469-3339192',6.400000095367432,4.190000057220459,93.5,-19.899999618530273,b'K5.6',6.440000057220459,-0.3700000047683716,3.0999999046325684,81.0999984741211,4.199999809265137,b'K3.1',1.149999976158142,-20.600000381469727,b'N',b'',b'Li',b'',2.0,0.0,52.22787,-33.65533,52.22787,-33.65533
b'C',b'03291649-3702502',14.100000381469727,9.779999732971191,89.80000305175781,-20.799999237060547,b'M3.7',12.460000038146973,2.7899999618530273,3.0999999046325684,13.0,20.399999618530273,b'M4.1',-10.010000228881836,-36.29999923706055,b'Y',b'',b'RV',b'',3.0,0.0,52.31871,-37.04728,52.31871,-37.04728
b'C',b'03312105-5955006',9.399999618530273,7.610000133514404,50.599998474121094,6.099999904632568,b'K3.4',9.670000076293945,3.259999990463257,4.400000095367432,-4.400000095367432,4.199999809265137,b'K2.6',1.0299999713897705,-2.700000047683716,b'N',b'',b'Li',b'',2.0,2.0,52.83771,-59.91683,52.83771,-59.91683
b'C',b'03512287-5154582',14.100000381469727,9.770000457763672,71.9000015258789,2.4000000953674316,b'M4.4',12.479999542236328,2.130000114440918,3.5,17.200000762939453,15.0,b'M4.0',-8.5,42.70000076293945,b'Y',b'',b'RV',b'',2.0,1.0,57.84529,-51.91617,57.84529,-51.91617
b'C',b'03561624-3915219',14.600000381469727,9.600000381469727,68.5999984741211,-3.700000047683716,b'M4.5',12.369999885559082,1.909999966621399,3.5999999046325684,16.700000762939453,6.300000190734863,b'M4.1',-10.970000267028809,46.29999923706055,b'Y',b'',b'RV',b'',2.0,1.0,59.06767,-39.25608,59.06767,-39.25608
b'C',b'04000382-2902165',9.699999809265137,7.199999809265137,78.69999694824219,-12.5,b'K7.2',9.4399995803833,2.4100000858306885,3.299999952316284,14.199999809265137,69.80000305175781,b'K4.6',-2.259999990463257,347.8999938964844,b'Y',b'',b'Li',b'',2.0,1.0,60.01592,-29.03792,60.01592,-29.03792
b'C',b'04000395-2902280',9.699999809265137,7.519999980926514,77.69999694824219,-23.0,b'K5.3',9.720000267028809,2.9800000190734863,3.200000047683716,15.800000190734863,6.900000095367432,b'K4.1',-0.6600000262260437,207.3000030517578,b'Y',b'',b'Li',b'',2.0,1.0,60.01646,-29.04111,60.01646,-29.04111
b'C',b'04013874-3127472',16.100000381469727,11.140000343322754,59.29999923706055,-12.300000190734863,b'M4.7',13.920000076293945,3.240000009536743,3.799999952316284,15.100000381469727,17.899999618530273,b'M4.9',-9.279999732971191,528.4000244140625,b'Y',b'',b'Li',b'',1.0,1.0,60.41142,-31.46311,60.41142,-31.46311
b'C',b'04021648-1521297',9.5,7.570000171661377,68.69999694824219,-27.899999618530273,b'K4.1',9.699999809265137,3.140000104904175,3.5999999046325684,14.300000190734863,5.400000095367432,b'K3.4',0.05999999865889549,218.0,b'Y',b'',b'Li',b'',2.0,0.0,60.56867,-15.35825,60.56867,-15.35825
b'C',b'04074372-6825111',13.699999809265137,9.520000457763672,57.79999923706055,22.0,b'M2.6',12.170000076293945,3.3399999141693115,3.9000000953674316,17.399999618530273,15.899999618530273,b'M3.2',-5.400000095367432,-29.700000762939453,b'Y',b'',b'RV',b'',2.0,2.0,61.93217,-68.41975,61.93217,-68.41975
b'C',b'04082685-7844471',11.600000381469727,8.399999618530273,55.70000076293945,42.79999923706055,b'M0.3',10.850000381469727,3.140000104904175,3.799999952316284,16.799999237060547,8.199999809265137,b'K7.2',-1.5800000429153442,7.5,b'N',b'?',b'RV',b'',2.0,3.0,62.11187,-78.74642,62.11187,-78.74642
b'C',b'04133314-5231586',12.699999809265137,9.119999885559082,65.69999694824219,14.800000190734863,b'M1.7',11.670000076293945,3.369999885559082,3.5,18.399999618530273,4.400000095367432,b'M2.4',-2.450000047683716,-18.100000381469727,b'Y',b'',b'RV',b'',2.0,1.0,63.38808,-52.53294,63.38808,-52.53294
b'C',b'04133609-4413325',14.0,9.90999984741211,56.70000076293945,0.4000000059604645,b'M3.3',12.569999694824219,3.240000009536743,3.9000000953674316,16.399999618530273,15.699999809265137,b'M3.6',-7.380000114440918,-9.5,b'Y',b'',b'RV',b'a',2.0,1.0,63.40037,-44.22569,63.40037,-44.22569
b'C',b'04213904-7233562',12.800000190734863,8.989999771118164,62.20000076293945,25.399999618530273,b'M2.4',11.59000015258789,2.890000104904175,3.799999952316284,15.600000381469727,5.599999904632568,b'M2.1',-4.050000190734863,11.199999809265137,b'Y',b'',b'RV',b'',2.0,1.0,65.41267,-72.56561,65.41267,-72.56561
b'C',b'04240094-5512223',12.699999809265137,8.949999809265137,41.599998474121094,17.200000762939453,b'M2.3',11.529999732971191,2.9000000953674316,4.400000095367432,19.0,6.900000095367432,b'M2.0',-3.5399999618530273,21.200000762939453,b'Y',b'',b'RV',b'',2.0,2.0,66.00392,-55.20619,66.00392,-55.20619
b'C',b'04274963-3327010',15.199999809265137,10.380000114440918,61.79999923706055,-0.699999988079071,b'M4.5',13.119999885559082,2.6500000953674316,3.5999999046325684,18.799999237060547,15.800000190734863,b'M4.0',-7.329999923706055,-23.299999237060547,b'Y',b'',b'RV',b'',2.0,0.0,66.95679,-33.45028,66.95679,-33.45028
b'C',b'04334610-4511249',12.800000190734863,8.899999618530273,58.599998474121094,8.100000381469727,b'M2.4',11.539999961853027,2.8399999141693115,3.5999999046325684,21.0,4.599999904632568,b'M1.8',-1.3600000143051147,-9.199999809265137,b'N',b'',b'H{alpha}',b'',2.0,0.0,68.44208,-45.19025,68.44208,-45.19025
b'C',b'04365738-1613065',12.399999618530273,8.260000228881836,78.0999984741211,-32.79999923706055,b'M3.0',10.890000343322754,1.7999999523162842,3.0,16.600000381469727,27.5,b'M3.3',-7.28000020980835,3.4000000953674316,b'Y',b'',b'RV',b'',2.0,2.0,69.23908,-16.21847,69.23908,-16.21847
b'C',b'04435860-3643188',14.800000190734863,9.869999885559082,54.099998474121094,-2.0999999046325684,b'M3.5',12.520000457763672,3.009999990463257,3.700000047683716,19.399999618530273,8.5,b'M3.6',-7.989999771118164,-3.299999952316284,b'Y',b'',b'RV',b'',2.0,1.0,70.99417,-36.72189,70.99417,-36.72189
b'C',b'04440099-6624036',11.600000381469727,8.579999923706055,53.0,30.200000762939453,b'K7.6',10.930000305175781,3.609999895095825,3.799999952316284,16.0,5.599999904632568,b'M0.0',-1.3700000047683716,21.600000381469727,b'Y',b'',b'RV',b'',3.0,1.0,71.00412,-66.401,71.00412,-66.401
b'C',b'04440824-4406473',11.0,8.420000076293945,39.599998474121094,5.900000095367432,b'M2.7',11.039999961853027,2.1500000953674316,4.400000095367432,24.600000381469727,5.199999809265137,b'M0.9',-1.7100000381469727,14.600000381469727,b'N',b'?',b'RV',b'',1.0,1.0,71.03433,-44.11314,71.03433,-44.11314
b'C',b'04444511-3714380',10.5,8.369999885559082,42.79999923706055,0.800000011920929,b'K4.0',10.5,3.950000047683716,4.199999809265137,64.5999984741211,4.0,b'G6.3',1.1699999570846558,10.800000190734863,b'N',b'',b'Li',b'',2.0,0.0,71.18796,-37.24389,71.18796,-37.24389
b'C',b'04470041-5134405',12.800000190734863,9.210000038146973,54.900001525878906,14.399999618530273,b'M2.4',11.8100004196167,3.109999895095825,3.700000047683716,19.899999618530273,5.099999904632568,b'M1.9',-2.640000104904175,7.5,b'Y',b'',b'RV',b'',2.0,1.0,71.75171,-51.57792,71.75171,-51.57792
b'C',b'04475779-5035200',14.300000190734863,10.020000457763672,47.900001525878906,17.799999237060547,b'M4.1',12.729999542236328,2.700000047683716,3.9000000953674316,18.600000381469727,12.199999809265137,b'M4.0',-8.130000114440918,-16.600000381469727,b'Y',b'',b'RV',b'',3.0,0.0,71.99079,-50.58889,71.99079,-50.58889
b'C',b'04515303-4647309',11.0,8.890000343322754,30.200000762939453,11.399999618530273,b'M0.0',11.329999923706055,3.7300000190734863,4.5,23.200000762939453,6.5,b'K7.8',-1.3300000429153442,-8.300000190734863,b'Y',b'',b'RV',b'2',2.0,1.0,72.97096,-46.79192,72.97096,-46.79192
b'C',b'05111098-4903597',14.199999809265137,9.770000457763672,33.0,20.399999618530273,b'M3.7',12.4399995803833,2.7699999809265137,4.300000190734863,21.5,8.199999809265137,b'M3.2',-7.71999979019165,-15.0,b'Y',b'',b'RV',b'',2.0,2.0,77.79575,-49.06658,77.79575,-49.06658
b'C',b'05233951-3227031',8.899999618530273,6.940000057220459,38.70000076293945,5.099999904632568,b'K4.0',9.100000381469727,2.549999952316284,4.0,74.0,7.199999809265137,b'G6.0',1.0099999904632568,-9.300000190734863,b'N',b'',b'Li',b'',2.0,1.0,80.91462,-32.45086,80.91462,-32.45086
b'C',b'05241818-3622024',12.600000381469727,8.899999618530273,35.400001525878906,6.0,b'M2.7',11.5600004196167,2.6600000858306885,4.099999904632568,39.5,4.400000095367432,b'G5.3',1.2300000190734863,4.199999809265137,b'N',b'',b'Li',b'',2.0,2.0,81.07575,-36.36733,81.07575,-36.36733
b'C',b'05332558-5117131',10.899999618530273,8.15999984741211,44.0,24.200000762939453,b'K7.5',10.479999542236328,3.2300000190734863,3.5999999046325684,-1.600000023841858,5.099999904632568,b'K4.9',-0.8999999761581421,179.10000610351562,b'Y',b'',b'Li',b'2',2.0,1.0,83.35658,-51.28697,83.35658,-51.28697
b'C',b'05392505-4245211',12.300000190734863,8.600000381469727,40.599998474121094,15.899999618530273,b'M1.8',11.140000343322754,2.7899999618530273,3.5999999046325684,21.700000762939453,5.099999904632568,b'M1.7',-2.880000114440918,-11.199999809265137,b'Y',b'',b'RV',b'',2.0,1.0,84.85437,-42.75586,84.85437,-42.75586
b'C',b'05421278-3738180',11.600000381469727,8.5,27.600000381469727,9.300000190734863,b'M1.0',11.010000228881836,3.0399999618530273,4.300000190734863,75.19999694824219,5.300000190734863,b'K3.0',1.0499999523162842,-44.79999923706055,b'N',b'',b'Li',b'',2.0,1.0,85.55325,-37.63833,85.55325,-37.63833
b'C',b'20095193-5526509',14.600000381469727,10.319999694824219,11.300000190734863,-66.19999694824219,b'M3.5',12.960000038146973,3.450000047683716,4.300000190734863,12.899999618530273,21.200000762939453,b'M3.6',-6.849999904632568,10.899999618530273,b'N',b'?',b'RV',b'',2.0,2.0,302.46637,-55.44747,302.46637,-55.44747
b'C',b'20143542-5430588',14.100000381469727,9.5,17.399999618530273,-171.5,b'M4.3',12.239999771118164,1.9900000095367432,2.299999952316284,-4.5,11.5,b'M3.8',-4.929999828338623,-7.599999904632568,b'Y',b'',b'RV',b'',2.0,1.0,303.64758,-54.51633,303.64758,-54.51633
b'C',b'20144598-2306214',13.600000381469727,8.9399995803833,14.300000190734863,-127.0,b'M3.6',11.609999656677246,2.0199999809265137,2.4000000953674316,-18.700000762939453,5.0,b'M3.0',-4.079999923706055,-1.7000000476837158,b'N',b'?',b'RV',b'',2.0,1.0,303.69158,-23.10594,303.69158,-23.10594
b'C',b'20162190-4137359',9.300000190734863,7.269999980926514,6.5,-60.900001525878906,b'K5.6',9.479999542236328,2.6700000762939453,4.400000095367432,-206.10000610351562,4.199999809265137,b'K3.2',1.2300000190734863,6.800000190734863,b'N',b'',b'Li',b'',2.0,1.0,304.09125,-41.62664,304.09125,-41.62664
b'C',b'20175858-5712583',10.399999618530273,8.569999694824219,12.699999809265137,-61.900001525878906,b'K3.1',10.5600004196167,4.21999979019165,4.400000095367432,-7.099999904632568,4.099999904632568,b'K2.7',0.949999988079071,-4.5,b'N',b'',b'Li',b'',2.0,1.0,304.49408,-57.21619,304.49408,-57.21619
b'C',b'20273570-4202324',15.100000381469727,10.899999618530273,16.100000381469727,-60.70000076293945,b'M3.2',13.5600004196167,4.309999942779541,4.400000095367432,5.699999809265137,7.800000190734863,b'M3.5',-9.020000457763672,-29.200000762939453,b'N',b'?',b'RV',b'',2.0,1.0,306.89875,-42.04233,306.89875,-42.04233
b'C',b'20291446-5456116',15.199999809265137,10.359999656677246,14.300000190734863,-111.0999984741211,b'M4.6',13.130000114440918,2.559999942779541,3.200000047683716,-1.399999976158142,10.800000190734863,b'M4.3',-7.690000057220459,-33.70000076293945,b'Y',b'',b'RV',b'',2.0,0.0,307.31025,-54.93656,307.31025,-54.93656
b'C',b'20421624-5552074',13.0,9.170000076293945,25.399999618530273,-85.30000305175781,b'M3.1',11.829999923706055,2.6600000858306885,3.700000047683716,-9.699999809265137,4.400000095367432,b'M2.3',-3.4100000858306885,-12.699999809265137,b'N',b'?',b'RV',b'',2.0,1.0,310.56767,-55.86872,310.56767,-55.86872
b'C',b'20423672-5425263',14.199999809265137,9.859999656677246,28.299999237060547,-96.5,b'M3.9',12.569999694824219,2.7300000190734863,3.4000000953674316,-1.399999976158142,13.5,b'M4.0',-5.690000057220459,67.80000305175781,b'Y',b'',b'RV',b'',2.0,1.0,310.653,-54.42397,310.653,-54.42397
b'C',b'20474501-3635409',8.899999618530273,6.789999961853027,20.399999618530273,-80.80000305175781,b'K4.3',8.949999809265137,2.369999885559082,3.700000047683716,-8.300000190734863,75.30000305175781,b'G7.4',0.1599999964237213,339.1000061035156,b'Y',b'',b'Li',b'',2.0,0.0,311.93754,-36.59469,311.93754,-36.59469
b'C',b'20583990-4743489',13.300000190734863,9.550000190734863,32.20000076293945,-83.4000015258789,b'M2.4',12.149999618530273,3.450000047683716,3.700000047683716,28.200000762939453,4.800000190734863,b'M1.4',0.25999999046325684,17.200000762939453,b'N',b'',b'H{alpha}',b'',2.0,0.0,314.66625,-47.73025,314.66625,-47.73025
b'C',b'21083826-4244540',14.0,9.239999771118164,33.20000076293945,-100.69999694824219,b'M4.8',12.0600004196167,1.2599999904632568,3.200000047683716,-4.900000095367432,17.700000762939453,b'M4.4',-10.720000267028809,-16.899999618530273,b'Y',b'',b'RV',b'',2.0,1.0,317.15942,-42.74833,317.15942,-42.74833
b'C',b'21100614-5811483',14.399999618530273,10.069999694824219,24.5,-89.5,b'M3.8',12.75,2.990000009536743,3.5999999046325684,0.800000011920929,15.100000381469727,b'M4.0',-7.239999771118164,19.299999237060547,b'Y',b'',b'RV',b'',2.0,1.0,317.52558,-58.19675,317.52558,-58.19675
b'C',b'21143354-4213528',14.899999618530273,10.529999732971191,40.70000076293945,-82.69999694824219,b'M4.1',13.220000267028809,3.190000057220459,3.5999999046325684,4.099999904632568,20.100000381469727,b'M3.9',-6.510000228881836,3.799999952316284,b'Y',b'',b'RV',b'',2.0,1.0,318.63975,-42.23133,318.63975,-42.23133
b'C',b'21163528-6005124',13.5,9.3100004196167,32.0,-98.0999984741211,b'M3.9',12.0,2.1600000858306885,3.4000000953674316,0.30000001192092896,14.199999809265137,b'M3.5',-5.199999809265137,9.899999618530273,b'Y',b'',b'RV',b'',2.0,0.0,319.147,-60.08678,319.147,-60.08678
b'C',b'21200112-5328347',12.300000190734863,8.25,52.79999923706055,-99.4000015258789,b'M0.0',10.699999809265137,3.0999999046325684,3.200000047683716,-50.20000076293945,5.099999904632568,b'K4.8',1.1399999856948853,-59.099998474121094,b'N',b'',b'H{alpha}',b'',2.0,0.0,320.00467,-53.47631,320.00467,-53.47631
b'C',b'21273697-4213021',13.800000190734863,10.359999656677246,30.700000762939453,-55.900001525878906,b'M2.6',12.960000038146973,4.130000114440918,4.400000095367432,2.5,4.800000190734863,b'M1.4',0.27000001072883606,-46.0,b'N',b'',b'H{alpha}',b'',2.0,1.0,321.90404,-42.21725,321.90404,-42.21725
b'C',b'21275054-6841033',14.100000381469727,9.579999923706055,29.5,-85.5,b'M4.1',12.270000457763672,2.240000009536743,3.5999999046325684,7.0,31.5,b'M4.2',-8.09000015258789,38.70000076293945,b'Y',b'',b'RV',b'',2.0,1.0,321.96058,-68.68425,321.96058,-68.68425
b'C',b'21354554-4218343',15.699999809265137,10.8100004196167,46.79999923706055,-67.9000015258789,b'M4.9',13.640000343322754,2.740000009536743,3.799999952316284,0.8999999761581421,9.100000381469727,b'M5.2',-12.270000457763672,634.0,b'Y',b'',b'Li',b'',2.0,0.0,323.93975,-42.30953,323.93975,-42.30953
b'C',b'21370885-6036054',13.100000381469727,8.760000228881836,41.29999923706055,-91.30000305175781,b'M3.6',11.4399995803833,1.850000023841858,3.4000000953674316,0.20000000298023224,6.0,b'M3.0',-7.019999980926514,15.5,b'Y',b'',b'RV',b'',2.0,0.0,324.28687,-60.6015,324.28687,-60.6015
b'C',b'21380269-5744583',14.699999809265137,9.989999771118164,40.20000076293945,-97.30000305175781,b'M4.5',12.760000228881836,2.2899999618530273,3.299999952316284,-0.5,15.600000381469727,b'M3.7',-4.699999809265137,-33.099998474121094,b'Y',b'',b'RV',b'',2.0,2.0,324.51121,-57.74953,324.51121,-57.74953
b'C',b'21401098-5317466',13.800000190734863,10.1899995803833,25.600000381469727,-68.5999984741211,b'M2.6',12.819999694824219,3.990000009536743,4.099999904632568,-19.100000381469727,4.699999809265137,b'M1.9',0.3100000023841858,6.199999809265137,b'N',b'',b'H{alpha}',b'',2.0,0.0,325.04575,-53.29628,325.04575,-53.29628
b'C',b'21490499-6413039',14.199999809265137,9.470000267028809,47.79999923706055,-96.5,b'M4.6',12.260000228881836,1.6799999475479126,3.299999952316284,0.4000000059604645,47.70000076293945,b'M4.4',-7.21999979019165,-35.20000076293945,b'Y',b'',b'RV',b'',3.0,1.0,327.27079,-64.21775,327.27079,-64.21775
b'C',b'21504048-5113380',14.0,9.510000228881836,42.79999923706055,-93.69999694824219,b'M4.2',12.210000038146973,2.069999933242798,3.4000000953674316,-1.100000023841858,12.5,b'M3.7',-6.590000152587891,-7.0,b'Y',b'',b'RV',b'',2.0,0.0,327.66867,-51.22722,327.66867,-51.22722
b'C',b'22015342-4623115',8.5,6.300000190734863,30.200000762939453,-60.79999923706055,b'K5.8',8.5,1.649999976158142,4.300000190734863,23.399999618530273,4.199999809265137,b'K3.2',1.159999966621399,-12.5,b'N',b'',b'Li',b'',2.0,2.0,330.47258,-46.38653,330.47258,-46.38653
b'C',b'22021626-4210329',11.300000190734863,7.989999771118164,51.79999923706055,-93.30000305175781,b'M0.8',10.510000228881836,2.609999895095825,3.299999952316284,-2.799999952316284,6.400000095367432,b'M0.7',-1.9500000476837158,-5.800000190734863,b'Y',b'',b'RV',b'',3.0,1.0,330.56775,-42.17581,330.56775,-42.17581
b'C',b'22025453-6440441',11.699999809265137,8.15999984741211,51.599998474121094,-95.30000305175781,b'M2.1',10.760000228881836,2.259999990463257,3.299999952316284,2.200000047683716,44.900001525878906,b'M1.8',-3.0999999046325684,-15.199999809265137,b'Y',b'',b'RV',b'',2.0,0.0,330.72721,-64.67892,330.72721,-64.67892
b'C',b'22102820-4431480',13.899999618530273,9.949999809265137,39.400001525878906,-68.9000015258789,b'M4.0',12.630000114440918,2.7100000381469727,3.9000000953674316,7.900000095367432,18.200000762939453,b'M3.4',-6.590000152587891,26.399999618530273,b'N',b'?',b'RV',b'',2.0,1.0,332.6175,-44.53,332.6175,-44.53
b'C',b'22223966-6303258',13.600000381469727,9.350000381469727,59.0,-87.5999984741211,b'M3.2',11.989999771118164,2.740000009536743,3.299999952316284,4.5,11.899999618530273,b'M3.5',-9.399999618530273,-7.699999809265137,b'Y',b'',b'RV',b'',2.0,1.0,335.66525,-63.05717,335.66525,-63.05717
b'C',b'22244102-7724036',14.899999618530273,10.529999732971191,54.099998474121094,-67.19999694824219,b'M4.0',13.229999542236328,3.309999942779541,3.5999999046325684,8.5,13.600000381469727,b'M4.2',-6.75,-18.700000762939453,b'Y',b'',b'RV',b'',2.0,2.0,336.17092,-77.401,336.17092,-77.401
b'C',b'22432875-5515068',14.0,9.729999542236328,81.30000305175781,-103.0,b'M4.2',12.460000038146973,2.319999933242798,2.9000000953674316,-18.399999618530273,4.5,b'M2.9',0.20000000298023224,17.100000381469727,b'N',b'',b'H{alpha}',b'',2.0,1.0,340.86979,-55.25189,340.86979,-55.25189
b'C',b'22444835-6650032',15.199999809265137,10.140000343322754,66.80000305175781,-80.4000015258789,b'M4.8',12.9399995803833,2.1500000953674316,3.299999952316284,0.699999988079071,15.399999618530273,b'M4.8',-7.210000038146973,510.70001220703125,b'Y',b'',b'Li',b'',2.0,2.0,341.20146,-66.83422,341.20146,-66.83422
b'C',b'22463471-7353504',12.800000190734863,8.8100004196167,59.29999923706055,-68.19999694824219,b'M3.2',11.460000038146973,2.200000047683716,3.5999999046325684,9.100000381469727,10.5,b'M2.3',-4.260000228881836,15.800000190734863,b'Y',b'',b'RV',b'',2.0,3.0,341.64462,-73.89733,341.64462,-73.89733
b'C',b'22501826-4651310',8.699999809265137,6.650000095367432,40.5,-40.20000076293945,b'K5.2',8.850000381469727,2.130000114440918,4.5,-33.400001525878906,3.700000047683716,b'K3.0',0.9800000190734863,6.599999904632568,b'N',b'',b'Li',b'',2.0,0.0,342.57608,-46.85861,342.57608,-46.85861
b'C',b'22545651-7646072',10.600000381469727,8.119999885559082,40.5,-43.400001525878906,b'K5.1',10.300000190734863,3.5999999046325684,4.400000095367432,23.899999618530273,3.9000000953674316,b'K2.7',0.949999988079071,-7.199999809265137,b'N',b'',b'Li',b'',2.0,0.0,343.73546,-76.76867,343.73546,-76.76867
b'C',b'23124644-5049240',12.800000190734863,8.300000190734863,77.5999984741211,-75.69999694824219,b'M4.4',11.020000457763672,0.6600000262260437,3.299999952316284,4.099999904632568,99.30000305175781,b'M3.9',-8.8100004196167,27.200000762939453,b'Y',b'',b'RV',b'',2.0,0.0,348.1935,-50.82333,348.1935,-50.82333
b'C',b'23130558-6127077',14.600000381469727,10.050000190734863,68.80000305175781,-72.0999984741211,b'M4.6',12.84000015258789,2.2699999809265137,3.4000000953674316,2.9000000953674316,25.799999237060547,b'M4.5',-7.590000152587891,185.3000030517578,b'Y',b'',b'Li',b'',3.0,1.0,348.27325,-61.45214,348.27325,-61.45214
b'C',b'23131671-4933154',13.399999618530273,8.920000076293945,77.4000015258789,-90.4000015258789,b'M4.1',11.600000381469727,1.5800000429153442,3.0999999046325684,0.30000001192092896,8.100000381469727,b'M3.5',-12.640000343322754,31.399999618530273,b'Y',b'',b'RV',b'',2.0,0.0,348.31962,-49.55428,348.31962,-49.55428
b'C',b'23143165-5357285',10.199999809265137,7.96999979019165,48.79999923706055,-57.099998474121094,b'K5.1',10.170000076293945,3.4700000286102295,4.099999904632568,14.600000381469727,4.0,b'K4.9',0.6499999761581421,9.300000190734863,b'N',b'',b'Ha',b'',2.0,0.0,348.63187,-53.95792,348.63187,-53.95792
b'C',b'23170011-7432095',13.899999618530273,9.5600004196167,81.69999694824219,-78.30000305175781,b'M4.1',12.25,2.2200000286102295,3.0,8.300000190734863,14.899999618530273,b'M3.6',-6.570000171661377,22.799999237060547,b'Y',b'',b'RV',b'',2.0,2.0,349.25046,-74.53597,349.25046,-74.53597
b'C',b'23273447-8512364',14.5,10.010000228881836,60.599998474121094,-50.79999923706055,b'M4.0',12.6899995803833,2.7699999809265137,3.700000047683716,11.699999809265137,7.300000190734863,b'M3.8',-8.770000457763672,16.5,b'Y',b'',b'RV',b'',2.0,6.0,351.89362,-85.21011,351.89362,-85.21011
b'C',b'23283419-5136527',11.699999809265137,9.180000305175781,48.70000076293945,-41.599998474121094,b'K7.2',11.430000305175781,4.400000095367432,4.400000095367432,9.5,4.300000190734863,b'K4.9',0.25999999046325684,16.799999237060547,b'N',b'?',b'RV',b'',3.0,0.0,352.14246,-51.61464,352.14246,-51.61464
b'C',b'23285763-6802338',12.399999618530273,8.380000114440918,67.9000015258789,-65.5999984741211,b'M2.9',11.039999961853027,2.0199999809265137,3.5,8.0,25.100000381469727,b'M2.3',-5.329999923706055,20.200000762939453,b'Y',b'',b'RV',b'',2.0,1.0,352.24012,-68.04272,352.24012,-68.04272
b'C',b'23291752-6749598',14.100000381469727,9.890000343322754,70.5,-67.4000015258789,b'M3.9',12.600000381469727,2.759999990463257,3.4000000953674316,6.099999904632568,6.199999809265137,b'M3.5',-9.069999694824219,29.299999237060547,b'Y',b'',b'RV',b'',2.0,1.0,352.323,-67.83328,352.323,-67.83328
b'C',b'23294775-7439325',10.5,9.699999809265137,81.19999694824219,-53.79999923706055,b'M4.2',12.420000076293945,2.2799999713897705,3.4000000953674316,-8.0,4.5,b'M2.7',0.2199999988079071,21.899999618530273,b'N',b'',b'H{alpha}',b'',1.0,2.0,352.44896,-74.65903,352.44896,-74.65903
b'C',b'23314492-0244395',13.300000190734863,8.670000076293945,93.5999984741211,-66.5999984741211,b'M4.5',11.420000076293945,0.949999988079071,2.9000000953674316,-5.900000095367432,5.5,b'M3.7',-17.670000076293945,-39.099998474121094,b'N',b'?',b'RV',b'',2.0,0.0,352.93717,-2.74431,352.93717,-2.74431
b'C',b'23334224-4913495',14.699999809265137,10.520000457763672,53.29999923706055,-36.5,b'M2.9',13.15999984741211,4.139999866485596,4.400000095367432,14.899999618530273,4.400000095367432,b'M1.9',-0.8899999856948853,-22.700000762939453,b'N',b'',b'H{alpha}',b'3',2.0,0.0,353.426,-49.23042,353.426,-49.23042
b'C',b'23382851-6749025',14.600000381469727,10.050000190734863,68.5,-56.400001525878906,b'M3.9',12.729999542236328,2.890000104904175,3.5999999046325684,6.800000190734863,24.100000381469727,b'M4.0',-5.75,-14.300000190734863,b'Y',b'',b'RV',b'',2.0,1.0,354.61879,-67.81736,354.61879,-67.81736
b'C',b'23424333-6224564',14.899999618530273,10.40999984741211,80.9000015258789,-61.599998474121094,b'M4.4',13.180000305175781,2.819999933242798,3.299999952316284,5.099999904632568,17.799999237060547,b'M4.3',-36.7599983215332,34.599998474121094,b'Y',b'',b'RV',b'',2.0,1.0,355.68054,-62.41567,355.68054,-62.41567
b'C',b'23452225-7126505',13.899999618530273,9.319999694824219,76.5,-64.0,b'M3.8',12.010000228881836,2.259999990463257,3.299999952316284,8.0,8.0,b'M3.4',-5.980000019073486,10.100000381469727,b'Y',b'',b'RV',b'',3.0,1.0,356.34271,-71.44736,356.34271,-71.44736
b'C',b'23474694-6517249',11.600000381469727,8.170000076293945,80.69999694824219,-66.4000015258789,b'M1.5',10.739999771118164,2.5399999618530273,3.299999952316284,6.099999904632568,5.300000190734863,b'M1.0',-2.359999895095825,0.6000000238418579,b'Y',b'',b'RV',b'',2.0,1.0,356.94558,-65.29025,356.94558,-65.29025
b'C',b'23524562-5229593',15.300000190734863,10.710000038146973,76.4000015258789,-82.4000015258789,b'M5.3',13.539999961853027,2.2100000381469727,3.200000047683716,3.0999999046325684,6.900000095367432,b'M4.6',-8.34000015258789,528.5999755859375,b'Y',b'',b'Li',b'',2.0,1.0,358.19008,-52.49981,358.19008,-52.49981
b'C',b'23541799-8254492',14.0,10.0,73.9000015258789,-35.5,b'M3.3',12.640000343322754,3.299999952316284,3.5999999046325684,7.800000190734863,4.199999809265137,b'M2.5',0.3100000023841858,-14.100000381469727,b'N',b'',b'H{alpha}',b'',2.0,4.0,358.57496,-82.91367,358.57496,-82.91367
b'C',b'23570417-0337559',14.399999618530273,10.029999732971191,71.5999984741211,-53.5,b'M3.3',12.6899995803833,3.3499999046325684,3.5999999046325684,-5.5,4.800000190734863,b'M3.0',-4.599999904632568,24.799999237060547,b'Y',b'',b'RV',b'',2.0,1.0,359.26737,-3.63219,359.26737,-3.63219
b'C',b'23585674-8339423',11.0,8.25,67.19999694824219,-37.900001525878906,b'K7.5',10.579999923706055,3.3299999237060547,3.799999952316284,11.100000381469727,4.199999809265137,b'K5.8',-0.2800000011920929,10.600000381469727,b'Y',b'',b'RV',b'',1.0,6.0,359.73642,-83.66175,359.73642,-83.66175
