HIP,Memb,Simbad,_RA,_DE,RA,DEC
50520.0,62.0,b'Simbad',154.77114,-64.67626,154.77114,-64.67626
50847.0,62.0,b'Simbad',155.74228,-66.9015,155.74228,-66.9015
52357.0,82.0,b'Simbad',160.49855,-63.5073,160.49855,-63.5073
52742.0,61.0,b'Simbad',161.73947,-56.75719,161.73947,-56.75719
53701.0,68.0,b'Simbad',164.80838,-61.32074,164.80838,-61.32074
53771.0,91.0,b'Simbad',165.03449,-51.8178,165.03449,-51.8178
54231.0,88.0,b'Simbad',166.44059,-47.4423,166.44059,-47.4423
54767.0,64.0,b'Simbad',168.18836,-64.16977,168.18836,-64.16977
55188.0,78.0,b'Simbad',169.49224,-64.0426,169.49224,-64.0426
55334.0,58.0,b'Simbad',169.96976,-70.61847,169.96976,-70.61847
55425.0,61.0,b'Simbad',170.25169,-54.49102,170.25169,-54.49102
55899.0,72.0,b'Simbad',171.8724,-39.8765,171.8724,-39.8765
56227.0,58.0,b'Simbad',172.89565,-67.73184,172.89565,-67.73184
56354.0,84.0,b'Simbad',173.27323,-54.32459,173.27323,-54.32459
56379.0,83.0,b'Simbad',173.356,-70.19479,173.356,-70.19479
56963.0,81.0,b'Simbad',175.16077,-49.50919,175.16077,-49.50919
57375.0,51.0,b'Simbad',176.43662,-52.69051,176.43662,-52.69051
57710.0,81.0,b'Simbad',177.52994,-49.54321,177.52994,-49.54321
57809.0,82.0,b'Simbad',177.80474,-43.93306,177.80474,-43.93306
57851.0,73.0,b'Simbad',177.96344,-65.20591,177.96344,-65.20591
57947.0,50.0,b'Simbad',178.26945,-58.25348,178.26945,-58.25348
57950.0,76.0,b'Simbad',178.28337,-56.72725,178.28337,-56.72725
58146.0,77.0,b'Simbad',178.87025,-62.19642,178.87025,-62.19642
58167.0,87.0,b'Simbad',178.93145,-54.18069,178.93145,-54.18069
58220.0,88.0,b'Simbad',179.11068,-58.82134,179.11068,-58.82134
58283.0,53.0,b'Simbad',179.30166,-36.08268,179.30166,-36.08268
58416.0,87.0,b'Simbad',179.66222,-52.76871,179.66222,-52.76871
58452.0,82.0,b'Simbad',179.7945,-45.83222,179.7945,-45.83222
58465.0,88.0,b'Simbad',179.8489,-57.16798,179.8489,-57.16798
58528.0,85.0,b'Simbad',180.03919,-57.11722,180.03919,-57.11722
58720.0,59.0,b'Simbad',180.65705,-69.19229,180.65705,-69.19229
58859.0,83.0,b'Simbad',181.0696,-51.47252,181.0696,-51.47252
58884.0,78.0,b'Simbad',181.16202,-68.32891,181.16202,-68.32891
58899.0,84.0,b'Simbad',181.18532,-52.35435,181.18532,-52.35435
58901.0,51.0,b'Simbad',181.18854,-59.25329,181.18854,-59.25329
59119.0,60.0,b'Simbad',181.84508,-32.66185,181.84508,-32.66185
59173.0,66.0,b'Simbad',182.02177,-50.66127,182.02177,-50.66127
59257.0,63.0,b'Simbad',182.33521,-42.83846,182.33521,-42.83846
59282.0,88.0,b'Simbad',182.41161,-58.34965,182.41161,-58.34965
59397.0,86.0,b'Simbad',182.77447,-56.40136,182.77447,-56.40136
59413.0,86.0,b'Simbad',182.81172,-52.21755,182.81172,-52.21755
59449.0,60.0,b'Simbad',182.91299,-52.36846,182.91299,-52.36846
59481.0,88.0,b'Simbad',182.99512,-50.77015,182.99512,-50.77015
59502.0,86.0,b'Simbad',183.04281,-63.45412,183.04281,-63.45412
59505.0,81.0,b'Simbad',183.05004,-54.23046,183.05004,-54.23046
59603.0,82.0,b'Simbad',183.34311,-56.89322,183.34311,-56.89322
59693.0,74.0,b'Simbad',183.61935,-47.6128,183.61935,-47.6128
59716.0,64.0,b'Simbad',183.71134,-55.78987,183.71134,-55.78987
59724.0,59.0,b'Simbad',183.73484,-47.9485,183.73484,-47.9485
59747.0,75.0,b'Simbad',183.78632,-58.74893,183.78632,-58.74893
59781.0,82.0,b'Simbad',183.86777,-62.53905,183.86777,-62.53905
59898.0,66.0,b'Simbad',184.27629,-65.69296,184.27629,-65.69296
59960.0,89.0,b'Simbad',184.47163,-55.97552,184.47163,-55.97552
60009.0,79.0,b'Simbad',184.60937,-64.00307,184.60937,-64.00307
60205.0,62.0,b'Simbad',185.18417,-52.25694,185.18417,-52.25694
60245.0,74.0,b'Simbad',185.29884,-48.05533,185.29884,-48.05533
60348.0,78.0,b'Simbad',185.60356,-51.02621,185.60356,-51.02621
60379.0,53.0,b'Simbad',185.70597,-57.67613,185.70597,-57.67613
60459.0,88.0,b'Simbad',185.9258,-63.87008,185.9258,-63.87008
60513.0,76.0,b'Simbad',186.0761,-58.97645,186.0761,-58.97645
60561.0,73.0,b'Simbad',186.21632,-72.6039,186.21632,-72.6039
60577.0,81.0,b'Simbad',186.24852,-50.19185,186.24852,-50.19185
60710.0,71.0,b'Simbad',186.63233,-51.45064,186.63233,-51.45064
60718.0,66.0,b'Simbad',186.64956,-63.09909,186.64956,-63.09909
60823.0,79.0,b'Simbad',187.00993,-50.23064,187.00993,-50.23064
60851.0,82.0,b'Simbad',187.08026,-64.34099,187.08026,-64.34099
60855.0,70.0,b'Simbad',187.0936,-39.04117,187.0936,-39.04117
61049.0,85.0,b'Simbad',187.69281,-58.18799,187.69281,-58.18799
61087.0,88.0,b'Simbad',187.80267,-61.90874,187.80267,-61.90874
61257.0,84.0,b'Simbad',188.30078,-52.08284,188.30078,-52.08284
61265.0,67.0,b'Simbad',188.33304,-54.98113,188.33304,-54.98113
61426.0,54.0,b'Simbad',188.81055,-55.89299,188.81055,-55.89299
61498.0,81.0,b'Simbad',189.0043,-39.86951,189.0043,-39.86951
61585.0,71.0,b'Simbad',189.29591,-69.13556,189.29591,-69.13556
61639.0,84.0,b'Simbad',189.53022,-55.93122,189.53022,-55.93122
61684.0,73.0,b'Simbad',189.67824,-68.76365,189.67824,-68.76365
61782.0,84.0,b'Simbad',189.94248,-49.19876,189.94248,-49.19876
61796.0,61.0,b'Simbad',189.98272,-66.51114,189.98272,-66.51114
62026.0,77.0,b'Simbad',190.70733,-55.947,190.70733,-55.947
62032.0,73.0,b'Simbad',190.7286,-50.81669,190.7286,-50.81669
62058.0,80.0,b'Simbad',190.78825,-56.17623,190.78825,-56.17623
62134.0,83.0,b'Simbad',191.00807,-53.50572,191.00807,-53.50572
62171.0,78.0,b'Simbad',191.11081,-54.34671,191.11081,-54.34671
62179.0,64.0,b'Simbad',191.14568,-57.28692,191.14568,-57.28692
62327.0,84.0,b'Simbad',191.59464,-56.48882,191.59464,-56.48882
62427.0,65.0,b'Simbad',191.91127,-58.41573,191.91127,-58.41573
62428.0,81.0,b'Simbad',191.91334,-58.29757,191.91334,-58.29757
62431.0,59.0,b'Simbad',191.92422,-58.43217,191.92422,-58.43217
62434.0,73.0,b'Simbad',191.93029,-59.68877,191.93029,-59.68877
62657.0,83.0,b'Simbad',192.58216,-49.8636,192.58216,-49.8636
62683.0,62.0,b'Simbad',192.67152,-33.9993,192.67152,-33.9993
62786.0,55.0,b'Simbad',192.98721,-39.68043,192.98721,-39.68043
63003.0,68.0,b'Simbad',193.64844,-57.17792,193.64844,-57.17792
63005.0,81.0,b'Simbad',193.65369,-57.16867,193.65369,-57.16867
63007.0,83.0,b'Simbad',193.66326,-59.1467,193.66326,-59.1467
63041.0,83.0,b'Simbad',193.76628,-63.64078,193.76628,-63.64078
63204.0,87.0,b'Simbad',194.24259,-54.58735,194.24259,-54.58735
63210.0,75.0,b'Simbad',194.26814,-51.19875,194.26814,-51.19875
63272.0,84.0,b'Simbad',194.49076,-52.61515,194.49076,-52.61515
63439.0,70.0,b'Simbad',194.99951,-50.38958,194.99951,-50.38958
63836.0,85.0,b'Simbad',196.24769,-47.39682,196.24769,-47.39682
63839.0,73.0,b'Simbad',196.2585,-64.44158,196.2585,-64.44158
63886.0,75.0,b'Simbad',196.38586,-58.53554,196.38586,-58.53554
63945.0,79.0,b'Simbad',196.5696,-48.46329,196.5696,-48.46329
63975.0,57.0,b'Simbad',196.64932,-46.03389,196.64932,-46.03389
64004.0,73.0,b'Simbad',196.72766,-49.90624,196.72766,-49.90624
64044.0,78.0,b'Simbad',196.8896,-52.90548,196.8896,-52.90548
64053.0,82.0,b'Simbad',196.90952,-53.45976,196.90952,-53.45976
64184.0,81.0,b'Simbad',197.31747,-60.30835,197.31747,-60.30835
64264.0,58.0,b'Simbad',197.58111,-32.80544,197.58111,-32.80544
64320.0,70.0,b'Simbad',197.74347,-52.5669,197.74347,-52.5669
64322.0,74.0,b'Simbad',197.74589,-62.08771,197.74589,-62.08771
64425.0,54.0,b'Simbad',198.07331,-59.92058,198.07331,-59.92058
64515.0,71.0,b'Simbad',198.3473,-50.69983,198.3473,-50.69983
64617.0,51.0,b'Simbad',198.66637,-46.85752,198.66637,-46.85752
64837.0,69.0,b'Simbad',199.37064,-42.93297,199.37064,-42.93297
64877.0,61.0,b'Simbad',199.4809,-61.01079,199.4809,-61.01079
64892.0,74.0,b'Simbad',199.52127,-44.05538,199.52127,-44.05538
64925.0,80.0,b'Simbad',199.60374,-45.76466,199.60374,-45.76466
64995.0,79.0,b'Simbad',199.83142,-59.47234,199.83142,-59.47234
65021.0,59.0,b'Simbad',199.93092,-67.36433,199.93092,-67.36433
65089.0,84.0,b'Simbad',200.11172,-49.22367,200.11172,-49.22367
65112.0,81.0,b'Simbad',200.1576,-52.74782,200.1576,-52.74782
65136.0,63.0,b'Simbad',200.21506,-48.72214,200.21506,-48.72214
65178.0,61.0,b'Simbad',200.35795,-43.63433,200.35795,-43.63433
65219.0,78.0,b'Simbad',200.48805,-51.28226,200.48805,-51.28226
65271.0,62.0,b'Simbad',200.65807,-60.98839,200.65807,-60.98839
65348.0,50.0,b'Simbad',200.90119,-42.53139,200.90119,-42.53139
65394.0,67.0,b'Simbad',201.03597,-53.7931,201.03597,-53.7931
65426.0,76.0,b'Simbad',201.15041,-51.50446,201.15041,-51.50446
65517.0,69.0,b'Simbad',201.4493,-48.24941,201.4493,-48.24941
65617.0,64.0,b'Simbad',201.80083,-59.63731,201.80083,-59.63731
65822.0,81.0,b'Simbad',202.40068,-47.87582,202.40068,-47.87582
65875.0,88.0,b'Simbad',202.5374,-58.48454,202.5374,-58.48454
65965.0,70.0,b'Simbad',202.87903,-46.73524,202.87903,-46.73524
66068.0,75.0,b'Simbad',203.16351,-44.45025,203.16351,-44.45025
66075.0,56.0,b'Simbad',203.17703,-55.82755,203.17703,-55.82755
66447.0,93.0,b'Simbad',204.32408,-40.89788,204.32408,-40.89788
66454.0,89.0,b'Simbad',204.34781,-46.42788,204.34781,-46.42788
66566.0,82.0,b'Simbad',204.67866,-44.51629,204.67866,-44.51629
66651.0,75.0,b'Simbad',204.94054,-54.14814,204.94054,-54.14814
66722.0,92.0,b'Simbad',205.15688,-44.33023,205.15688,-44.33023
66821.0,83.0,b'Simbad',205.43655,-54.55942,205.43655,-54.55942
66908.0,88.0,b'Simbad',205.68197,-43.18569,205.68197,-43.18569
67036.0,81.0,b'Simbad',206.06667,-51.01245,206.06667,-51.01245
67068.0,80.0,b'Simbad',206.18311,-49.29937,206.18311,-49.29937
67199.0,86.0,b'Simbad',206.56046,-54.68337,206.56046,-54.68337
67230.0,65.0,b'Simbad',206.64748,-62.06938,206.64748,-62.06938
67260.0,61.0,b'Simbad',206.794,-52.26926,206.794,-52.26926
67428.0,73.0,b'Simbad',207.2884,-54.22841,207.2884,-54.22841
67464.0,57.0,b'Simbad',207.37615,-41.68771,207.37615,-41.68771
67472.0,54.0,b'Simbad',207.40412,-42.47373,207.40412,-42.47373
67497.0,92.0,b'Simbad',207.4771,-50.23996,207.4771,-50.23996
67669.0,66.0,b'Simbad',207.95667,-32.99409,207.95667,-32.99409
67703.0,70.0,b'Simbad',208.02025,-52.81153,208.02025,-52.81153
67919.0,66.0,b'Simbad',208.65961,-55.73832,208.65961,-55.73832
67957.0,89.0,b'Simbad',208.75538,-50.75057,208.75538,-50.75057
67970.0,90.0,b'Simbad',208.79165,-50.74526,208.79165,-50.74526
67973.0,75.0,b'Simbad',208.80059,-52.16082,208.80059,-52.16082
68080.0,60.0,b'Simbad',209.08319,-54.13242,209.08319,-54.13242
68245.0,76.0,b'Simbad',209.56778,-42.10075,209.56778,-42.10075
68282.0,77.0,b'Simbad',209.66979,-44.80359,209.66979,-44.80359
68335.0,87.0,b'Simbad',209.82527,-51.89284,209.82527,-51.89284
68413.0,66.0,b'Simbad',210.07246,-61.48103,210.07246,-61.48103
68532.0,89.0,b'Simbad',210.44043,-39.43861,210.44043,-39.43861
68722.0,72.0,b'Simbad',211.02053,-37.28355,211.02053,-37.28355
68781.0,89.0,b'Simbad',211.17562,-50.07141,211.17562,-50.07141
68862.0,58.0,b'Simbad',211.51153,-41.17963,211.51153,-41.17963
68867.0,56.0,b'Simbad',211.53432,-44.68909,211.53432,-44.68909
69011.0,77.0,b'Simbad',211.92003,-48.70403,211.92003,-48.70403
69113.0,80.0,b'Simbad',212.21619,-43.47078,212.21619,-43.47078
69291.0,88.0,b'Simbad',212.74837,-36.26716,212.74837,-36.26716
69302.0,82.0,b'Simbad',212.77037,-49.27315,212.77037,-49.27315
69475.0,59.0,b'Simbad',213.34977,-33.51827,213.34977,-33.51827
69618.0,71.0,b'Simbad',213.73808,-57.08613,213.73808,-57.08613
69720.0,83.0,b'Simbad',214.07081,-53.81721,214.07081,-53.81721
69791.0,60.0,b'Simbad',214.26413,-34.53672,214.26413,-34.53672
69995.0,70.0,b'Simbad',214.8495,-37.00291,214.8495,-37.00291
70149.0,90.0,b'Simbad',215.29807,-41.70692,215.29807,-41.70692
70300.0,86.0,b'Simbad',215.75933,-39.51182,215.75933,-39.51182
70350.0,70.0,b'Simbad',215.90782,-43.9619,215.90782,-43.9619
70441.0,93.0,b'Simbad',216.15416,-47.17774,216.15416,-47.17774
70455.0,51.0,b'Simbad',216.18298,-40.75516,216.18298,-40.75516
70483.0,52.0,b'Simbad',216.25425,-37.44704,216.25425,-37.44704
70558.0,88.0,b'Simbad',216.49379,-44.82314,216.49379,-44.82314
70626.0,79.0,b'Simbad',216.70781,-39.87399,216.70781,-39.87399
70689.0,90.0,b'Simbad',216.87686,-52.52511,216.87686,-52.52511
70697.0,89.0,b'Simbad',216.88998,-46.21352,216.88998,-46.21352
70753.0,80.0,b'Simbad',217.04344,-29.49164,217.04344,-29.49164
70809.0,68.0,b'Simbad',217.21628,-47.99209,217.21628,-47.99209
70833.0,84.0,b'Simbad',217.2798,-43.36189,217.2798,-43.36189
70904.0,66.0,b'Simbad',217.49316,-56.13124,217.49316,-56.13124
70931.0,72.0,b'Simbad',217.58729,-49.51903,217.58729,-49.51903
70998.0,89.0,b'Simbad',217.80992,-40.65593,217.80992,-40.65593
71140.0,67.0,b'Simbad',218.23777,-42.40546,218.23777,-42.40546
71271.0,55.0,b'Simbad',218.63936,-46.30479,218.63936,-46.30479
71321.0,92.0,b'Simbad',218.77229,-43.55453,218.77229,-43.55453
71352.0,82.0,b'Simbad',218.87677,-42.15783,218.87677,-42.15783
71353.0,90.0,b'Simbad',218.88117,-41.51744,218.88117,-41.51744
71453.0,66.0,b'Simbad',219.18389,-40.21158,219.18389,-40.21158
71536.0,84.0,b'Simbad',219.47177,-49.42583,219.47177,-49.42583
71708.0,84.0,b'Simbad',220.02088,-40.90066,220.02088,-40.90066
71724.0,83.0,b'Simbad',220.07352,-40.8417,220.07352,-40.8417
71860.0,70.0,b'Simbad',220.48232,-47.3882,220.48232,-47.3882
71865.0,93.0,b'Simbad',220.48996,-37.7935,220.48996,-37.7935
72149.0,51.0,b'Simbad',221.35857,-32.81039,221.35857,-32.81039
72158.0,59.0,b'Simbad',221.3853,-26.94266,221.3853,-26.94266
72216.0,57.0,b'Simbad',221.54367,-30.97011,221.54367,-30.97011
72584.0,78.0,b'Simbad',222.62733,-35.09335,222.62733,-35.09335
72627.0,93.0,b'Simbad',222.74463,-42.82251,222.74463,-42.82251
72683.0,74.0,b'Simbad',222.9096,-43.57536,222.9096,-43.57536
72800.0,71.0,b'Simbad',223.21281,-37.80316,223.21281,-37.80316
72940.0,91.0,b'Simbad',223.60545,-34.14279,223.60545,-34.14279
73145.0,91.0,b'Simbad',224.22695,-35.69546,224.22695,-35.69546
73147.0,78.0,b'Simbad',224.23232,-42.46129,224.23232,-42.46129
73150.0,70.0,b'Simbad',224.2394,-26.28502,224.2394,-26.28502
73266.0,92.0,b'Simbad',224.6011,-37.36247,224.6011,-37.36247
73334.0,73.0,b'Simbad',224.79035,-42.1042,224.79035,-42.1042
73341.0,65.0,b'Simbad',224.80802,-37.88123,224.80802,-37.88123
73535.0,62.0,b'Simbad',225.45286,-31.54403,225.45286,-31.54403
73559.0,61.0,b'Simbad',225.49201,-34.35888,225.49201,-34.35888
73624.0,86.0,b'Simbad',225.74698,-32.64329,225.74698,-32.64329
73742.0,58.0,b'Simbad',226.10779,-47.97707,226.10779,-47.97707
73807.0,76.0,b'Simbad',226.27952,-47.05125,226.27952,-47.05125
73913.0,88.0,b'Simbad',226.57475,-35.4062,226.57475,-35.4062
73937.0,86.0,b'Simbad',226.63832,-30.91848,226.63832,-30.91848
73990.0,81.0,b'Simbad',226.81224,-29.50448,226.81224,-29.50448
74066.0,67.0,b'Simbad',227.05052,-40.58393,227.05052,-40.58393
74098.0,67.0,b'Simbad',227.15252,-33.28867,227.15252,-33.28867
74100.0,87.0,b'Simbad',227.16332,-42.86792,227.16332,-42.86792
74104.0,74.0,b'Simbad',227.17712,-44.48455,227.17712,-44.48455
74468.0,70.0,b'Simbad',228.25446,-37.24667,228.25446,-37.24667
74479.0,78.0,b'Simbad',228.28193,-36.09143,228.28193,-36.09143
74499.0,90.0,b'Simbad',228.3665,-33.14728,228.3665,-33.14728
74651.0,62.0,b'Simbad',228.80811,-30.97783,228.80811,-30.97783
74865.0,90.0,b'Simbad',229.4838,-30.47817,229.4838,-30.47817
74911.0,62.0,b'Simbad',229.63343,-47.87528,229.63343,-47.87528
74950.0,57.0,b'Simbad',229.7349,-40.78822,229.7349,-40.78822
74959.0,84.0,b'Simbad',229.77258,-36.36228,229.77258,-36.36228
74985.0,81.0,b'Simbad',229.84304,-34.03246,229.84304,-34.03246
75035.0,61.0,b'Simbad',229.98556,-30.10693,229.98556,-30.10693
75056.0,84.0,b'Simbad',230.05581,-34.92544,230.05581,-34.92544
75077.0,78.0,b'Simbad',230.13091,-28.28711,230.13091,-28.28711
75151.0,81.0,b'Simbad',230.37539,-38.21869,230.37539,-38.21869
75164.0,78.0,b'Simbad',230.3971,-40.74948,230.3971,-40.74948
75210.0,91.0,b'Simbad',230.5469,-37.63563,230.5469,-37.63563
75304.0,90.0,b'Simbad',230.78896,-36.85849,230.78896,-36.85849
75367.0,80.0,b'Simbad',231.01775,-41.16157,231.01775,-41.16157
75476.0,82.0,b'Simbad',231.2768,-38.16924,231.2768,-38.16924
75480.0,89.0,b'Simbad',231.28914,-26.57527,231.28914,-26.57527
75491.0,70.0,b'Simbad',231.31688,-38.1579,231.31688,-38.1579
75509.0,92.0,b'Simbad',231.37571,-36.19943,231.37571,-36.19943
75613.0,52.0,b'Simbad',231.7392,-44.10758,231.7392,-44.10758
75647.0,83.0,b'Simbad',231.82554,-36.76756,231.82554,-36.76756
75683.0,83.0,b'Simbad',231.92634,-36.23696,231.92634,-36.23696
75802.0,50.0,b'Simbad',232.28613,-39.29086,232.28613,-39.29086
75824.0,69.0,b'Simbad',232.34627,-40.16387,232.34627,-40.16387
75891.0,90.0,b'Simbad',232.51777,-41.1195,232.51777,-41.1195
75915.0,92.0,b'Simbad',232.58871,-41.91903,232.58871,-41.91903
76001.0,73.0,b'Simbad',232.8217,-33.81984,232.8217,-33.81984
76048.0,83.0,b'Simbad',232.95929,-32.88111,232.95929,-32.88111
76063.0,55.0,b'Simbad',233.01744,-38.62254,233.01744,-38.62254
76071.0,70.0,b'Simbad',233.04305,-21.96682,233.04305,-21.96682
76084.0,87.0,b'Simbad',233.08389,-31.14274,233.08389,-31.14274
76126.0,58.0,b'Simbad',233.23009,-16.85285,233.23009,-16.85285
76143.0,51.0,b'Simbad',233.28964,-24.49042,233.28964,-24.49042
76234.0,73.0,b'Simbad',233.58689,-39.3492,233.58689,-39.3492
76297.0,91.0,b'Simbad',233.7852,-41.16676,233.7852,-41.16676
76310.0,69.0,b'Simbad',233.81711,-25.73417,233.81711,-25.73417
76371.0,74.0,b'Simbad',233.97187,-44.95839,233.97187,-44.95839
76395.0,78.0,b'Simbad',234.04735,-33.0928,234.04735,-33.0928
76501.0,50.0,b'Simbad',234.36631,-32.48503,234.36631,-32.48503
76591.0,64.0,b'Simbad',234.63599,-39.1607,234.63599,-39.1607
76600.0,53.0,b'Simbad',234.66404,-29.77775,234.66404,-29.77775
76633.0,89.0,b'Simbad',234.75024,-19.73256,234.75024,-19.73256
76875.0,89.0,b'Simbad',235.47174,-34.88886,235.47174,-34.88886
76945.0,85.0,b'Simbad',235.67093,-34.71041,235.67093,-34.71041
76997.0,62.0,b'Simbad',235.82165,-35.24334,235.82165,-35.24334
77038.0,88.0,b'Simbad',235.9485,-35.47503,235.9485,-35.47503
77086.0,83.0,b'Simbad',236.09448,-41.81909,236.09448,-41.81909
77124.0,56.0,b'Simbad',236.22184,-18.75097,236.22184,-18.75097
77144.0,79.0,b'Simbad',236.25763,-40.84194,236.25763,-40.84194
77150.0,90.0,b'Simbad',236.27652,-35.1019,236.27652,-35.1019
77286.0,84.0,b'Simbad',236.68424,-34.68245,236.68424,-34.68245
77295.0,74.0,b'Simbad',236.71517,-36.93685,236.71517,-36.93685
77317.0,67.0,b'Simbad',236.7757,-35.51804,236.7757,-35.51804
77347.0,56.0,b'Simbad',236.84721,-25.86771,236.84721,-25.86771
77388.0,78.0,b'Simbad',236.96317,-38.26001,236.96317,-38.26001
77399.0,59.0,b'Simbad',237.01374,-25.21561,237.01374,-25.21561
77432.0,87.0,b'Simbad',237.10326,-42.61806,237.10326,-42.61806
77502.0,62.0,b'Simbad',237.38329,-31.26112,237.38329,-31.26112
77520.0,90.0,b'Simbad',237.41515,-38.77748,237.41515,-38.77748
77545.0,84.0,b'Simbad',237.49911,-25.15099,237.49911,-25.15099
77562.0,70.0,b'Simbad',237.52952,-53.20977,237.52952,-53.20977
77635.0,89.0,b'Simbad',237.74477,-25.7513,237.74477,-25.7513
77815.0,79.0,b'Simbad',238.34136,-21.97129,238.34136,-21.97129
77840.0,51.0,b'Simbad',238.40299,-25.32714,238.40299,-25.32714
77858.0,83.0,b'Simbad',238.47465,-24.53316,238.47465,-24.53316
77859.0,75.0,b'Simbad',238.48277,-23.9781,238.48277,-23.9781
77900.0,82.0,b'Simbad',238.62546,-27.33864,238.62546,-27.33864
77909.0,71.0,b'Simbad',238.66471,-25.24374,238.66471,-25.24374
77911.0,83.0,b'Simbad',238.67332,-22.76625,238.67332,-22.76625
77960.0,86.0,b'Simbad',238.82327,-23.36771,238.82327,-23.36771
77968.0,59.0,b'Simbad',238.84535,-44.52601,238.84535,-44.52601
78043.0,83.0,b'Simbad',239.02345,-36.89287,239.02345,-36.89287
78099.0,88.0,b'Simbad',239.19939,-23.18407,239.19939,-23.18407
78104.0,82.0,b'Simbad',239.22115,-29.21407,239.22115,-29.21407
78150.0,84.0,b'Simbad',239.36884,-50.26966,239.36884,-50.26966
78183.0,88.0,b'Simbad',239.45334,-23.5273,239.45334,-23.5273
78196.0,90.0,b'Simbad',239.49727,-31.72893,239.49727,-31.72893
78207.0,86.0,b'Simbad',239.54737,-14.27936,239.54737,-14.27936
78233.0,64.0,b'Simbad',239.62211,-21.40112,239.62211,-21.40112
78263.0,59.0,b'Simbad',239.70892,-32.05231,239.70892,-32.05231
78324.0,78.0,b'Simbad',239.87867,-40.86517,239.87867,-40.86517
78384.0,84.0,b'Simbad',240.03053,-38.39671,240.03053,-38.39671
78416.0,74.0,b'Simbad',240.13052,-36.08795,240.13052,-36.08795
78494.0,54.0,b'Simbad',240.361,-25.1985,240.361,-25.1985
78530.0,76.0,b'Simbad',240.48106,-21.98039,240.48106,-21.98039
78533.0,88.0,b'Simbad',240.49527,-37.53437,240.49527,-37.53437
78549.0,89.0,b'Simbad',240.55648,-22.68756,240.55648,-22.68756
78555.0,89.0,b'Simbad',240.5772,-35.26994,240.5772,-35.26994
78581.0,86.0,b'Simbad',240.68397,-30.66709,240.68397,-30.66709
78641.0,91.0,b'Simbad',240.80642,-35.28749,240.80642,-35.28749
78655.0,90.0,b'Simbad',240.85079,-38.60254,240.85079,-38.60254
78663.0,88.0,b'Simbad',240.88927,-30.13704,240.88927,-30.13704
78702.0,90.0,b'Simbad',241.001,-19.76748,241.001,-19.76748
78711.0,63.0,b'Simbad',241.02967,-35.17684,241.02967,-35.17684
78754.0,73.0,b'Simbad',241.17635,-37.81613,241.17635,-37.81613
78756.0,75.0,b'Simbad',241.18537,-39.43466,241.18537,-39.43466
78809.0,91.0,b'Simbad',241.32978,-23.66912,241.32978,-23.66912
78820.0,50.0,b'Simbad',241.3593,-19.80545,241.3593,-19.80545
78821.0,67.0,b'Simbad',241.36071,-19.8019,241.36071,-19.8019
78830.0,63.0,b'Simbad',241.37875,-32.23801,241.37875,-32.23801
78847.0,89.0,b'Simbad',241.4308,-21.8388,241.4308,-21.8388
78853.0,55.0,b'Simbad',241.44283,-39.84331,241.44283,-39.84331
78877.0,61.0,b'Simbad',241.52657,-23.60631,241.52657,-23.60631
78918.0,72.0,b'Simbad',241.64811,-36.8023,241.64811,-36.8023
78933.0,91.0,b'Simbad',241.70178,-20.66919,241.70178,-20.66919
78956.0,93.0,b'Simbad',241.76947,-16.94326,241.76947,-16.94326
78963.0,72.0,b'Simbad',241.80281,-27.09947,241.80281,-27.09947
78968.0,89.0,b'Simbad',241.8122,-17.93603,241.8122,-17.93603
78996.0,86.0,b'Simbad',241.87469,-23.95068,241.87469,-23.95068
79031.0,88.0,b'Simbad',241.9662,-24.46235,241.9662,-24.46235
79044.0,81.0,b'Simbad',242.01824,-36.23184,242.01824,-36.23184
79054.0,91.0,b'Simbad',242.04377,-23.85067,242.04377,-23.85067
79078.0,58.0,b'Simbad',242.13581,-31.91975,242.13581,-31.91975
79080.0,51.0,b'Simbad',242.14286,-39.10509,242.14286,-39.10509
79081.0,63.0,b'Simbad',242.14401,-39.09285,242.14401,-39.09285
79097.0,66.0,b'Simbad',242.18195,-25.37683,242.18195,-25.37683
79098.0,55.0,b'Simbad',242.18217,-23.68542,242.18217,-23.68542
79124.0,82.0,b'Simbad',242.26084,-18.99556,242.26084,-18.99556
79142.0,54.0,b'Simbad',242.30684,-29.30434,242.30684,-29.30434
79156.0,88.0,b'Simbad',242.33703,-19.45721,242.33703,-19.45721
79229.0,76.0,b'Simbad',242.54116,-24.58242,242.54116,-24.58242
79250.0,92.0,b'Simbad',242.60565,-23.1065,242.60565,-23.1065
79288.0,87.0,b'Simbad',242.72961,-25.52268,242.72961,-25.52268
79363.0,71.0,b'Simbad',242.96119,-27.55272,242.96119,-27.55272
79366.0,87.0,b'Simbad',242.96941,-22.54504,242.96941,-22.54504
79369.0,82.0,b'Simbad',242.98133,-21.105,242.98133,-21.105
79374.0,72.0,b'Simbad',242.9989,-19.4607,242.9989,-19.4607
79383.0,74.0,b'Simbad',243.02473,-23.24575,243.02473,-23.24575
79392.0,86.0,b'Simbad',243.04122,-23.92153,243.04122,-23.92153
79399.0,82.0,b'Simbad',243.06683,-28.41731,243.06683,-28.41731
79400.0,54.0,b'Simbad',243.06978,-42.37505,243.06978,-42.37505
79404.0,82.0,b'Simbad',243.07585,-27.92637,243.07585,-27.92637
79410.0,79.0,b'Simbad',243.09097,-19.57905,243.09097,-19.57905
79439.0,63.0,b'Simbad',243.18375,-19.50287,243.18375,-19.50287
79476.0,80.0,b'Simbad',243.2983,-22.48518,243.2983,-22.48518
79516.0,77.0,b'Simbad',243.39306,-45.81768,243.39306,-45.81768
79530.0,79.0,b'Simbad',243.43958,-24.42209,243.43958,-24.42209
79599.0,85.0,b'Simbad',243.62035,-21.10763,243.62035,-21.10763
79622.0,76.0,b'Simbad',243.72263,-25.47697,243.72263,-25.47697
79631.0,86.0,b'Simbad',243.74069,-39.62781,243.74069,-39.62781
79673.0,83.0,b'Simbad',243.9048,-41.64965,243.9048,-41.64965
79690.0,70.0,b'Simbad',243.9605,-20.07646,243.9605,-20.07646
79710.0,79.0,b'Simbad',244.01599,-49.07483,244.01599,-49.07483
79739.0,65.0,b'Simbad',244.10489,-24.98874,244.10489,-24.98874
79742.0,76.0,b'Simbad',244.11821,-38.73677,244.11821,-38.73677
79771.0,89.0,b'Simbad',244.21094,-25.86298,244.21094,-25.86298
79785.0,77.0,b'Simbad',244.24486,-21.30413,244.24486,-21.30413
79860.0,72.0,b'Simbad',244.5228,-31.65175,244.5228,-31.65175
79878.0,89.0,b'Simbad',244.56733,-28.04171,244.56733,-28.04171
79897.0,90.0,b'Simbad',244.61774,-23.2743,244.61774,-23.2743
79910.0,88.0,b'Simbad',244.6631,-21.59285,244.6631,-21.59285
79977.0,90.0,b'Simbad',244.87184,-21.40369,244.87184,-21.40369
80024.0,82.0,b'Simbad',245.02289,-20.0564,245.02289,-20.0564
80036.0,68.0,b'Simbad',245.06464,-28.71691,245.06464,-28.71691
80059.0,84.0,b'Simbad',245.11721,-21.50902,245.11721,-21.50902
80062.0,57.0,b'Simbad',245.12735,-20.11444,245.12735,-20.11444
80088.0,87.0,b'Simbad',245.2093,-22.59411,245.2093,-22.59411
80112.0,56.0,b'Simbad',245.29715,-25.59279,245.29715,-25.59279
80126.0,86.0,b'Simbad',245.32996,-23.70799,245.32996,-23.70799
80130.0,89.0,b'Simbad',245.33812,-22.10896,245.33812,-22.10896
80238.0,92.0,b'Simbad',245.71574,-23.11876,245.71574,-23.11876
80311.0,86.0,b'Simbad',245.94654,-26.27104,245.94654,-26.27104
80324.0,92.0,b'Simbad',245.98631,-33.1994,245.98631,-33.1994
80371.0,85.0,b'Simbad',246.08881,-25.0254,246.08881,-25.0254
80390.0,79.0,b'Simbad',246.13231,-37.56604,246.13231,-37.56604
80425.0,66.0,b'Simbad',246.24644,-25.355,246.24644,-25.355
80461.0,81.0,b'Simbad',246.35118,-23.46022,246.35118,-23.46022
80475.0,52.0,b'Simbad',246.40232,-32.07673,246.40232,-32.07673
80493.0,86.0,b'Simbad',246.46108,-26.56842,246.46108,-26.56842
80535.0,90.0,b'Simbad',246.62463,-27.68896,246.62463,-27.68896
80569.0,55.0,b'Simbad',246.75598,-18.45625,246.75598,-18.45625
80591.0,84.0,b'Simbad',246.81076,-39.82277,246.81076,-39.82277
80711.0,53.0,b'Simbad',247.18572,-17.47759,247.18572,-17.47759
80799.0,91.0,b'Simbad',247.47748,-24.97947,247.47748,-24.97947
80815.0,62.0,b'Simbad',247.55198,-25.11522,247.55198,-25.11522
80896.0,86.0,b'Simbad',247.79611,-29.9979,247.79611,-29.9979
80911.0,85.0,b'Simbad',247.84555,-34.70437,247.84555,-34.70437
81208.0,58.0,b'Simbad',248.80766,-35.72464,248.80766,-35.72464
81266.0,89.0,b'Simbad',248.97064,-28.21602,248.97064,-28.21602
81447.0,59.0,b'Simbad',249.52303,-34.01962,249.52303,-34.01962
81455.0,76.0,b'Simbad',249.54505,-29.6779,249.54505,-29.6779
81474.0,91.0,b'Simbad',249.61939,-18.22048,249.61939,-18.22048
81477.0,53.0,b'Simbad',249.62893,-39.15233,249.62893,-39.15233
81624.0,79.0,b'Simbad',250.07468,-23.89588,250.07468,-23.89588
81751.0,78.0,b'Simbad',250.46668,-40.46623,250.46668,-40.46623
81891.0,58.0,b'Simbad',250.91135,-32.10594,250.91135,-32.10594
81914.0,58.0,b'Simbad',250.97532,-41.11334,250.97532,-41.11334
81949.0,74.0,b'Simbad',251.08789,-44.37874,251.08789,-44.37874
81972.0,59.0,b'Simbad',251.17747,-40.83967,251.17747,-40.83967
82069.0,51.0,b'Simbad',251.45193,-26.64942,251.45193,-26.64942
82218.0,89.0,b'Simbad',251.94724,-19.87554,251.94724,-19.87554
82319.0,51.0,b'Simbad',252.3009,-22.71157,252.3009,-22.71157
82397.0,81.0,b'Simbad',252.54462,-26.74255,252.54462,-26.74255
82430.0,78.0,b'Simbad',252.68966,-38.25642,252.68966,-38.25642
82514.0,65.0,b'Simbad',252.96763,-38.04738,252.96763,-38.04738
82534.0,89.0,b'Simbad',253.05547,-26.91967,253.05547,-26.91967
82545.0,86.0,b'Simbad',253.08394,-38.01753,253.08394,-38.01753
82554.0,71.0,b'Simbad',253.11423,-40.72316,253.11423,-40.72316
82560.0,75.0,b'Simbad',253.13287,-42.99179,253.13287,-42.99179
82569.0,63.0,b'Simbad',253.17382,-38.76035,253.17382,-38.76035
82714.0,54.0,b'Simbad',253.60998,-33.47535,253.60998,-33.47535
83159.0,62.0,b'Simbad',254.92696,-37.43804,254.92696,-37.43804
83508.0,64.0,b'Simbad',256.00339,-25.698,256.00339,-25.698
